indegree,outdegree,degree
17,0,17
15,0,15
5,0,5
3,0,3
16,0,16
170,267,437
2,0,2
2,0,2
23,0,23
3,0,3
2,0,2
2,0,2
4,0,4
14,0,14
2,0,2
2,0,2
53,319,372
3,0,3
15,15,30
2,0,2
3,0,3
2,0,2
4,0,4
3,0,3
3,0,3
3,0,3
3,0,3
3,0,3
2,0,2
10,0,10
2,0,2
4,0,4
3,0,3
12,0,12
2,0,2
3,0,3
3,0,3
2,0,2
3,0,3
4,0,4
6,0,6
3,0,3
2,0,2
16,0,16
2,0,2
3,0,3
4,0,4
31,0,31
4,0,4
4,0,4
5,0,5
8,0,8
5,0,5
2,0,2
30,0,30
3,0,3
4,0,4
2,0,2
10,0,10
5,0,5
2,0,2
7,0,7
4,0,4
3,0,3
7,0,7
32,0,32
9,0,9
4,0,4
5,0,5
3,0,3
177,307,484
3,0,3
9,0,9
7,0,7
2,0,2
3,0,3
5,0,5
13,0,13
3,0,3
3,0,3
2,0,2
2,0,2
170,255,425
13,0,13
5,0,5
5,0,5
17,0,17
14,0,14
2,0,2
4,0,4
4,0,4
3,0,3
5,0,5
5,0,5
3,0,3
2,0,2
2,0,2
3,0,3
3,0,3
2,0,2
5,30,35
3,0,3
3,0,3
5,0,5
2,0,2
2,0,2
2,0,2
10,0,10
8,0,8
2,0,2
39,0,39
2,0,2
4,0,4
15,0,15
30,0,30
4,0,4
3,0,3
3,0,3
3,0,3
3,0,3
4,0,4
14,0,14
7,0,7
3,0,3
2,0,2
3,0,3
4,0,4
3,0,3
2,0,2
5,0,5
2,0,2
13,0,13
6,55,61
6,0,6
4,0,4
3,0,3
5,0,5
3,0,3
30,0,30
3,0,3
6,0,6
3,0,3
11,0,11
9,0,9
3,0,3
3,0,3
3,0,3
3,0,3
11,0,11
3,0,3
3,0,3
4,0,4
8,0,8
3,0,3
174,528,702
171,425,596
173,0,173
3,0,3
12,0,12
3,0,3
2,0,2
3,0,3
4,0,4
3,0,3
7,0,7
32,0,32
3,0,3
5,0,5
5,0,5
4,0,4
6,0,6
3,0,3
5,0,5
3,0,3
2,0,2
4,0,4
3,0,3
4,0,4
11,0,11
2,0,2
2,0,2
2,0,2
17,0,17
3,0,3
5,0,5
4,0,4
171,263,434
3,0,3
3,0,3
30,0,30
3,0,3
2,0,2
5,0,5
2,0,2
171,0,171
5,0,5
4,0,4
3,0,3
2,0,2
3,0,3
3,0,3
2,0,2
3,0,3
3,0,3
3,0,3
2,0,2
2,0,2
2,0,2
15,0,15
14,0,14
47,0,47
3,0,3
3,0,3
3,0,3
3,0,3
6,0,6
2,0,2
9,0,9
5,0,5
3,0,3
3,0,3
9,0,9
6,0,6
7,0,7
2,0,2
3,0,3
170,245,415
20,0,20
2,0,2
3,0,3
6,0,6
3,0,3
2,0,2
4,0,4
2,0,2
3,0,3
4,0,4
13,0,13
34,306,340
13,0,13
9,0,9
2,0,2
2,0,2
21,0,21
3,0,3
26,0,26
7,0,7
6,0,6
13,0,13
4,0,4
2,0,2
2,0,2
4,0,4
4,0,4
3,0,3
3,0,3
2,0,2
2,0,2
4,0,4
3,0,3
2,0,2
4,0,4
4,0,4
3,0,3
3,0,3
4,0,4
2,0,2
10,0,10
5,0,5
2,0,2
9,0,9
6,0,6
2,0,2
7,0,7
9,0,9
3,0,3
39,0,39
2,0,2
2,351,353
28,126,154
3,0,3
3,0,3
3,0,3
8,0,8
8,0,8
181,503,684
6,0,6
36,0,36
2,0,2
4,0,4
13,0,13
2,0,2
3,0,3
3,0,3
5,0,5
2,0,2
3,0,3
2,0,2
5,0,5
2,0,2
9,0,9
3,0,3
14,18,32
3,0,3
2,0,2
9,0,9
3,0,3
170,231,401
4,0,4
6,0,6
4,0,4
2,0,2
3,0,3
2,0,2
6,0,6
3,0,3
8,0,8
4,0,4
4,0,4
9,0,9
2,0,2
2,0,2
3,0,3
2,0,2
9,0,9
2,0,2
3,0,3
3,0,3
26,6,32
3,0,3
7,0,7
2,2,4
2,0,2
14,0,14
3,0,3
3,0,3
21,0,21
2,0,2
3,0,3
2,0,2
2,0,2
204,330,534
2,0,2
8,0,8
5,0,5
2,0,2
5,0,5
3,0,3
7,0,7
3,0,3
4,0,4
3,0,3
10,0,10
8,0,8
3,0,3
17,0,17
171,424,595
173,302,475
5,0,5
3,0,3
3,0,3
7,0,7
3,0,3
2,0,2
4,0,4
5,0,5
4,0,4
5,0,5
3,0,3
3,0,3
7,0,7
3,0,3
6,0,6
7,0,7
9,0,9
183,286,469
8,0,8
3,0,3
13,0,13
3,0,3
3,0,3
3,0,3
2,39,41
4,0,4
4,0,4
4,0,4
32,0,32
3,0,3
8,0,8
2,0,2
3,0,3
5,0,5
2,0,2
176,459,635
3,0,3
3,0,3
3,0,3
2,0,2
3,0,3
5,0,5
3,0,3
4,0,4
12,0,12
3,0,3
4,0,4
7,0,7
2,0,2
6,0,6
32,0,32
3,0,3
33,0,33
2,0,2
4,0,4
3,0,3
2,0,2
6,0,6
13,0,13
2,0,2
2,0,2
3,0,3
3,0,3
11,0,11
3,0,3
2,0,2
9,0,9
3,0,3
7,0,7
4,0,4
6,0,6
6,0,6
2,0,2
10,0,10
4,0,4
3,0,3
16,0,16
3,0,3
15,0,15
3,0,3
2,0,2
31,0,31
10,0,10
173,245,418
3,0,3
3,0,3
4,0,4
75,147,222
5,0,5
3,0,3
6,0,6
32,0,32
10,0,10
11,348,359
9,0,9
3,0,3
5,0,5
7,0,7
2,0,2
2,0,2
3,0,3
3,0,3
2,0,2
5,0,5
4,0,4
2,0,2
3,55,58
6,0,6
2,0,2
2,0,2
2,0,2
2,0,2
2,0,2
4,0,4
6,0,6
8,0,8
2,0,2
3,0,3
3,0,3
3,0,3
190,317,507
3,0,3
7,0,7
2,0,2
17,0,17
2,0,2
3,0,3
2,0,2
11,0,11
4,0,4
20,0,20
4,0,4
2,0,2
3,0,3
4,0,4
6,0,6
8,0,8
3,0,3
3,28,31
5,0,5
5,0,5
7,0,7
2,0,2
6,0,6
3,0,3
2,0,2
6,0,6
2,0,2
11,0,11
29,0,29
4,0,4
176,35,211
6,0,6
6,0,6
8,0,8
2,0,2
3,0,3
10,0,10
3,0,3
30,0,30
3,0,3
2,0,2
4,0,4
4,0,4
10,0,10
2,0,2
3,0,3
3,0,3
7,0,7
2,0,2
3,0,3
10,0,10
2,0,2
3,0,3
6,0,6
4,0,4
3,0,3
2,0,2
8,0,8
5,0,5
5,0,5
171,232,403
10,0,10
2,0,2
4,0,4
6,0,6
172,312,484
3,0,3
3,0,3
3,0,3
10,0,10
32,231,263
4,0,4
3,0,3
2,0,2
2,0,2
2,0,2
3,0,3
4,0,4
4,0,4
6,0,6
2,0,2
34,0,34
32,0,32
2,0,2
3,0,3
3,0,3
3,0,3
171,244,415
32,0,32
2,0,2
6,0,6
6,0,6
2,0,2
4,0,4
2,0,2
2,0,2
2,0,2
3,0,3
4,0,4
2,0,2
5,0,5
3,0,3
21,0,21
2,0,2
171,0,171
16,0,16
2,0,2
31,0,31
2,0,2
3,0,3
3,0,3
4,0,4
3,0,3
3,0,3
3,0,3
24,0,24
16,0,16
3,0,3
3,0,3
5,0,5
32,0,32
30,0,30
4,0,4
5,0,5
3,0,3
4,0,4
8,0,8
3,0,3
9,0,9
35,0,35
11,0,11
173,0,173
2,0,2
6,0,6
2,0,2
3,0,3
9,0,9
2,0,2
2,0,2
3,0,3
4,0,4
35,0,35
4,0,4
3,0,3
18,0,18
2,0,2
3,0,3
9,0,9
8,0,8
6,0,6
2,0,2
10,0,10
2,0,2
2,0,2
4,0,4
3,0,3
3,0,3
6,0,6
3,0,3
2,0,2
2,0,2
3,0,3
2,0,2
2,0,2
7,0,7
6,0,6
176,394,570
170,241,411
30,0,30
10,0,10
2,0,2
3,0,3
3,0,3
3,0,3
4,0,4
2,0,2
5,0,5
5,0,5
3,0,3
3,0,3
5,0,5
2,0,2
11,0,11
4,0,4
6,0,6
3,0,3
3,0,3
3,0,3
6,0,6
5,0,5
6,0,6
3,0,3
3,0,3
2,0,2
3,0,3
3,0,3
2,0,2
2,0,2
3,0,3
4,0,4
13,0,13
18,0,18
5,0,5
5,0,5
5,0,5
6,0,6
16,0,16
4,0,4
3,0,3
2,0,2
3,0,3
2,0,2
3,0,3
2,0,2
6,0,6
4,0,4
2,0,2
6,0,6
12,99,111
3,0,3
170,272,442
11,0,11
2,0,2
39,0,39
3,0,3
2,0,2
5,0,5
32,0,32
8,0,8
3,0,3
32,0,32
13,0,13
181,636,817
3,0,3
3,0,3
3,0,3
26,0,26
6,0,6
10,0,10
4,0,4
4,0,4
5,0,5
27,0,27
11,0,11
20,120,140
2,0,2
4,0,4
3,0,3
4,0,4
6,0,6
171,307,478
6,0,6
4,0,4
7,0,7
4,0,4
3,0,3
2,0,2
3,0,3
3,0,3
12,0,12
6,0,6
3,575,578
3,0,3
2,0,2
2,0,2
12,0,12
3,0,3
4,0,4
3,0,3
10,50,60
6,0,6
3,0,3
3,0,3
33,0,33
6,0,6
4,0,4
2,0,2
3,0,3
6,0,6
3,0,3
7,0,7
3,0,3
3,0,3
6,0,6
20,0,20
14,93,107
4,0,4
3,0,3
6,0,6
8,0,8
3,0,3
6,0,6
3,0,3
3,0,3
3,0,3
2,0,2
3,0,3
3,0,3
3,0,3
2,0,2
32,227,259
6,0,6
14,0,14
3,0,3
2,0,2
34,362,396
4,0,4
15,0,15
7,0,7
3,0,3
12,0,12
32,0,32
23,224,247
3,0,3
32,0,32
4,0,4
31,0,31
3,0,3
2,0,2
3,0,3
204,18,222
2,0,2
2,0,2
11,0,11
2,0,2
2,0,2
3,0,3
32,0,32
6,0,6
3,21,24
3,0,3
30,0,30
2,0,2
5,0,5
3,0,3
175,0,175
4,0,4
6,0,6
172,255,427
3,0,3
6,0,6
4,0,4
2,0,2
171,399,570
3,0,3
13,0,13
2,0,2
8,0,8
10,0,10
3,0,3
8,0,8
3,0,3
5,0,5
3,0,3
19,0,19
3,0,3
3,0,3
3,0,3
3,0,3
9,0,9
4,0,4
13,0,13
7,0,7
3,0,3
13,161,174
9,0,9
4,0,4
4,0,4
2,0,2
12,0,12
3,0,3
3,0,3
3,0,3
172,367,539
15,466,481
4,0,4
10,0,10
3,0,3
5,0,5
12,0,12
4,0,4
30,0,30
6,0,6
2,0,2
8,0,8
4,0,4
7,0,7
3,0,3
2,0,2
12,0,12
3,0,3
9,0,9
4,0,4
26,134,160
14,0,14
2,0,2
11,0,11
5,0,5
3,0,3
4,0,4
3,0,3
3,0,3
4,0,4
3,0,3
171,26,197
8,0,8
2,0,2
4,0,4
3,0,3
2,0,2
5,0,5
2,10,12
5,0,5
6,0,6
5,0,5
3,0,3
171,85,256
5,0,5
6,0,6
2,0,2
3,0,3
3,0,3
4,0,4
175,294,469
4,0,4
3,0,3
170,400,570
5,0,5
3,0,3
3,0,3
4,0,4
5,0,5
3,0,3
2,0,2
3,0,3
6,0,6
3,0,3
3,0,3
10,0,10
10,0,10
5,0,5
3,0,3
8,0,8
2,0,2
4,0,4
10,0,10
3,0,3
8,0,8
2,0,2
30,0,30
21,0,21
26,126,152
3,0,3
4,0,4
24,0,24
3,0,3
4,0,4
2,0,2
2,0,2
4,0,4
6,0,6
3,0,3
2,0,2
3,0,3
3,0,3
4,0,4
3,0,3
3,0,3
3,0,3
3,0,3
2,0,2
3,0,3
4,0,4
3,0,3
5,0,5
10,0,10
2,0,2
3,0,3
172,376,548
5,0,5
3,0,3
5,0,5
2,0,2
2,0,2
3,0,3
3,0,3
8,0,8
9,0,9
3,0,3
3,0,3
4,0,4
6,0,6
3,0,3
6,0,6
4,0,4
2,0,2
19,0,19
4,0,4
4,0,4
4,0,4
5,0,5
4,0,4
3,0,3
7,0,7
4,0,4
7,0,7
4,0,4
2,0,2
5,0,5
5,0,5
2,0,2
2,0,2
3,0,3
4,0,4
11,0,11
2,0,2
4,0,4
5,0,5
2,0,2
2,0,2
10,0,10
3,0,3
20,0,20
6,0,6
2,0,2
14,0,14
2,0,2
7,0,7
5,0,5
5,0,5
6,0,6
2,0,2
5,0,5
5,0,5
172,313,485
4,0,4
11,0,11
3,0,3
8,0,8
2,0,2
5,0,5
4,0,4
3,0,3
13,0,13
12,0,12
4,0,4
17,0,17
3,0,3
2,0,2
3,0,3
4,0,4
3,0,3
2,2,4
4,0,4
33,0,33
4,0,4
3,0,3
29,377,406
3,0,3
9,0,9
6,0,6
3,0,3
3,0,3
4,0,4
18,0,18
3,0,3
4,0,4
3,0,3
9,0,9
30,0,30
12,113,125
2,0,2
3,0,3
18,0,18
5,0,5
3,0,3
13,0,13
5,0,5
2,0,2
2,0,2
15,0,15
3,0,3
3,0,3
3,0,3
3,0,3
2,0,2
3,0,3
6,0,6
4,0,4
4,0,4
170,240,410
3,0,3
2,0,2
7,0,7
2,0,2
4,0,4
5,0,5
3,0,3
7,0,7
2,0,2
3,0,3
9,0,9
3,0,3
2,0,2
3,0,3
4,0,4
3,0,3
4,0,4
33,0,33
3,0,3
6,0,6
3,0,3
3,0,3
2,0,2
3,0,3
3,0,3
12,0,12
4,0,4
3,0,3
2,0,2
10,0,10
5,0,5
5,0,5
3,0,3
2,0,2
3,0,3
2,0,2
11,0,11
3,0,3
3,0,3
9,0,9
3,0,3
5,0,5
4,0,4
2,0,2
4,0,4
2,0,2
2,0,2
3,0,3
3,0,3
6,0,6
172,264,436
172,0,172
3,0,3
2,0,2
4,0,4
5,0,5
2,0,2
2,0,2
2,0,2
3,0,3
5,0,5
4,0,4
2,0,2
10,0,10
10,0,10
4,0,4
5,0,5
2,0,2
170,348,518
3,0,3
9,0,9
61,0,61
3,0,3
2,0,2
3,0,3
9,0,9
4,0,4
2,0,2
3,0,3
2,0,2
3,0,3
3,0,3
2,0,2
170,328,498
3,0,3
3,0,3
3,0,3
4,0,4
2,0,2
2,0,2
3,0,3
5,0,5
3,0,3
5,0,5
2,0,2
2,0,2
3,0,3
3,0,3
3,0,3
2,0,2
4,0,4
5,0,5
2,0,2
3,0,3
3,0,3
4,0,4
33,0,33
4,0,4
8,0,8
3,178,181
8,0,8
3,0,3
2,14,16
4,0,4
2,0,2
4,0,4
3,0,3
15,0,15
33,0,33
170,250,420
2,0,2
171,345,516
4,0,4
6,0,6
4,0,4
3,0,3
3,0,3
3,0,3
3,0,3
3,0,3
2,0,2
6,0,6
176,0,176
5,0,5
170,268,438
3,0,3
182,307,489
4,0,4
3,0,3
3,0,3
2,0,2
9,0,9
2,0,2
4,0,4
2,0,2
4,0,4
4,0,4
2,0,2
8,0,8
3,0,3
2,0,2
5,0,5
2,0,2
8,0,8
2,0,2
2,0,2
3,0,3
9,0,9
2,0,2
172,236,408
6,0,6
3,0,3
2,0,2
3,0,3
2,0,2
10,0,10
3,0,3
30,0,30
6,0,6
11,0,11
2,0,2
8,0,8
2,0,2
3,0,3
2,0,2
30,0,30
2,0,2
5,0,5
174,297,471
2,0,2
2,0,2
3,0,3
36,0,36
2,0,2
2,0,2
31,0,31
4,0,4
9,0,9
8,0,8
3,0,3
9,0,9
173,0,173
2,0,2
2,0,2
6,0,6
3,0,3
2,0,2
5,0,5
36,60,96
4,0,4
2,0,2
170,236,406
3,0,3
6,0,6
3,0,3
3,0,3
3,0,3
7,0,7
2,0,2
5,0,5
4,0,4
32,0,32
4,0,4
8,0,8
4,0,4
3,0,3
7,0,7
6,0,6
3,0,3
3,0,3
4,0,4
3,0,3
4,0,4
3,0,3
2,0,2
6,0,6
9,0,9
3,0,3
7,0,7
4,0,4
3,0,3
11,0,11
8,0,8
4,0,4
12,0,12
14,0,14
2,0,2
3,0,3
3,0,3
6,0,6
2,0,2
14,0,14
2,0,2
3,0,3
4,0,4
41,0,41
3,0,3
10,0,10
2,0,2
4,0,4
11,0,11
3,0,3
3,0,3
7,0,7
3,0,3
7,0,7
3,0,3
7,0,7
10,0,10
3,0,3
3,0,3
2,0,2
30,0,30
2,0,2
7,0,7
2,0,2
32,0,32
9,0,9
6,0,6
2,2,4
2,0,2
9,0,9
3,0,3
7,0,7
3,0,3
5,0,5
30,0,30
3,0,3
3,0,3
5,0,5
2,0,2
2,0,2
3,0,3
4,0,4
2,0,2
7,0,7
10,0,10
7,0,7
6,0,6
5,0,5
3,0,3
2,0,2
3,0,3
3,0,3
5,0,5
9,0,9
2,0,2
6,0,6
8,0,8
3,0,3
3,0,3
4,0,4
3,0,3
4,0,4
6,0,6
4,0,4
4,0,4
3,0,3
3,0,3
10,0,10
2,0,2
8,0,8
4,0,4
195,330,525
3,0,3
10,0,10
2,0,2
5,0,5
4,0,4
28,0,28
3,0,3
2,0,2
3,0,3
30,0,30
4,0,4
3,0,3
9,0,9
176,160,336
26,0,26
2,0,2
3,0,3
3,0,3
6,0,6
2,0,2
7,0,7
9,0,9
9,0,9
4,0,4
6,0,6
2,0,2
5,0,5
5,0,5
2,0,2
6,0,6
30,0,30
174,342,516
2,0,2
2,0,2
13,0,13
3,0,3
4,0,4
7,0,7
5,0,5
2,0,2
3,0,3
7,0,7
5,0,5
5,0,5
2,0,2
3,0,3
3,0,3
8,0,8
174,274,448
4,0,4
4,0,4
5,0,5
3,0,3
3,0,3
3,0,3
3,0,3
2,0,2
3,0,3
7,0,7
2,0,2
3,0,3
6,0,6
5,0,5
3,0,3
4,0,4
3,0,3
5,0,5
2,0,2
14,0,14
2,0,2
172,6,178
31,0,31
2,0,2
5,0,5
2,0,2
2,0,2
4,0,4
12,52,64
3,0,3
3,0,3
2,0,2
3,0,3
5,0,5
35,0,35
10,0,10
2,0,2
18,0,18
8,0,8
2,0,2
3,0,3
5,0,5
3,0,3
3,0,3
3,0,3
3,0,3
2,0,2
12,1390,1402
2,0,2
3,0,3
2,0,2
3,0,3
3,0,3
2,0,2
2,0,2
3,0,3
3,0,3
9,0,9
6,0,6
6,0,6
6,0,6
3,0,3
3,0,3
3,0,3
3,0,3
2,0,2
3,0,3
6,0,6
3,0,3
2,0,2
3,0,3
171,455,626
2,0,2
2,0,2
3,0,3
3,0,3
2,0,2
6,0,6
6,0,6
3,0,3
8,0,8
3,0,3
2,0,2
3,0,3
3,0,3
39,0,39
3,0,3
175,430,605
4,0,4
4,0,4
2,0,2
3,0,3
4,0,4
8,0,8
4,0,4
2,0,2
4,0,4
176,540,716
3,0,3
3,0,3
12,0,12
2,0,2
3,0,3
3,0,3
2,0,2
2,0,2
13,0,13
2,0,2
2,0,2
4,0,4
42,0,42
8,0,8
6,0,6
4,0,4
3,0,3
24,0,24
5,0,5
7,0,7
3,0,3
3,0,3
3,0,3
10,0,10
2,0,2
3,0,3
13,0,13
3,0,3
37,0,37
7,0,7
7,0,7
3,0,3
32,0,32
3,0,3
2,0,2
2,0,2
5,0,5
2,0,2
2,0,2
3,0,3
5,0,5
18,0,18
7,0,7
9,15,24
6,0,6
3,0,3
5,0,5
5,0,5
2,0,2
3,0,3
12,0,12
18,294,312
2,0,2
2,0,2
5,0,5
2,0,2
4,0,4
3,0,3
2,0,2
44,195,239
31,0,31
3,0,3
5,0,5
2,0,2
5,0,5
7,0,7
3,0,3
2,0,2
7,15,22
8,0,8
3,0,3
3,0,3
32,0,32
2,0,2
5,0,5
3,0,3
3,0,3
170,243,413
10,0,10
3,0,3
4,0,4
2,0,2
3,0,3
3,0,3
3,0,3
3,0,3
2,0,2
2,0,2
3,0,3
5,0,5
9,0,9
30,0,30
6,0,6
9,0,9
4,0,4
4,0,4
5,0,5
3,0,3
5,0,5
3,0,3
4,0,4
2,0,2
3,0,3
2,0,2
3,0,3
14,42,56
2,0,2
32,0,32
192,261,453
4,0,4
8,0,8
6,0,6
3,0,3
4,0,4
4,0,4
3,0,3
2,0,2
2,0,2
2,0,2
3,0,3
4,0,4
7,0,7
6,0,6
3,0,3
3,0,3
5,0,5
3,0,3
4,0,4
9,0,9
6,0,6
2,0,2
3,0,3
2,0,2
32,0,32
8,0,8
2,0,2
5,0,5
8,0,8
3,0,3
2,0,2
3,0,3
3,0,3
6,0,6
8,0,8
32,0,32
3,0,3
2,0,2
2,0,2
3,0,3
2,0,2
2,0,2
3,0,3
3,0,3
3,0,3
30,0,30
7,0,7
7,0,7
2,0,2
2,0,2
4,0,4
4,0,4
3,0,3
2,0,2
16,0,16
4,0,4
3,0,3
3,0,3
9,0,9
2,0,2
11,0,11
3,0,3
2,0,2
8,0,8
5,0,5
5,0,5
2,0,2
2,0,2
4,0,4
3,0,3
6,0,6
4,0,4
2,0,2
3,0,3
10,0,10
5,0,5
3,0,3
30,0,30
3,0,3
3,0,3
4,0,4
3,0,3
2,0,2
13,0,13
5,0,5
3,0,3
3,0,3
3,0,3
9,0,9
3,0,3
8,0,8
2,0,2
3,0,3
2,0,2
12,0,12
9,0,9
2,0,2
2,0,2
6,0,6
9,0,9
3,0,3
6,0,6
3,0,3
2,0,2
8,0,8
3,0,3
12,0,12
3,0,3
3,0,3
8,0,8
3,0,3
3,0,3
5,0,5
5,0,5
2,0,2
2,0,2
4,0,4
8,0,8
14,0,14
2,0,2
3,0,3
5,0,5
3,0,3
10,0,10
7,0,7
13,173,186
3,0,3
6,0,6
8,0,8
2,0,2
2,0,2
9,0,9
7,0,7
5,0,5
3,0,3
2,0,2
3,0,3
3,0,3
3,0,3
4,0,4
2,0,2
2,0,2
3,0,3
3,0,3
5,0,5
3,0,3
3,0,3
3,0,3
6,0,6
3,0,3
2,0,2
2,0,2
5,0,5
3,0,3
3,0,3
2,0,2
3,0,3
3,0,3
3,0,3
2,0,2
3,0,3
4,0,4
3,0,3
2,0,2
5,0,5
6,0,6
3,0,3
3,0,3
9,0,9
2,0,2
5,0,5
5,0,5
5,0,5
4,0,4
4,0,4
3,0,3
2,0,2
5,0,5
4,0,4
6,0,6
3,0,3
2,0,2
5,0,5
2,0,2
3,0,3
7,0,7
8,0,8
2,0,2
4,0,4
5,0,5
5,0,5
17,0,17
3,0,3
4,0,4
2,0,2
2,0,2
3,0,3
6,0,6
3,0,3
4,0,4
9,0,9
5,0,5
3,0,3
30,0,30
65,0,65
4,0,4
8,0,8
40,0,40
3,0,3
4,0,4
3,0,3
5,0,5
2,0,2
3,0,3
3,0,3
2,0,2
3,0,3
3,0,3
2,0,2
4,0,4
3,0,3
3,0,3
3,0,3
3,0,3
4,0,4
4,0,4
2,0,2
2,0,2
3,0,3
3,0,3
13,0,13
7,0,7
4,0,4
2,0,2
2,0,2
8,0,8
15,0,15
2,0,2
7,0,7
2,0,2
6,0,6
3,0,3
2,0,2
7,0,7
2,0,2
6,0,6
3,0,3
3,0,3
2,0,2
2,0,2
2,0,2
10,0,10
4,0,4
3,0,3
2,38,40
6,0,6
4,0,4
2,0,2
3,0,3
3,0,3
2,0,2
2,0,2
3,0,3
3,0,3
3,0,3
3,0,3
17,0,17
3,0,3
2,0,2
5,0,5
3,0,3
4,0,4
4,0,4
3,0,3
174,841,1015
3,0,3
6,0,6
4,0,4
32,0,32
4,0,4
3,0,3
3,0,3
4,0,4
12,0,12
4,0,4
2,0,2
15,0,15
5,0,5
3,0,3
2,0,2
4,0,4
2,0,2
3,0,3
8,0,8
3,0,3
35,764,799
4,0,4
3,0,3
3,0,3
3,0,3
4,0,4
171,274,445
3,0,3
8,0,8
3,0,3
2,0,2
4,0,4
3,0,3
6,0,6
4,0,4
4,0,4
2,0,2
2,0,2
5,0,5
5,0,5
2,0,2
6,0,6
5,0,5
3,0,3
9,0,9
2,0,2
14,0,14
3,0,3
3,0,3
2,0,2
2,0,2
3,0,3
3,0,3
2,0,2
3,0,3
2,0,2
2,0,2
2,0,2
3,0,3
5,0,5
3,0,3
170,289,459
4,0,4
2,0,2
4,0,4
32,0,32
3,0,3
3,0,3
4,0,4
12,0,12
5,0,5
3,0,3
4,0,4
36,0,36
5,0,5
2,0,2
9,0,9
7,0,7
5,0,5
23,0,23
3,0,3
3,0,3
3,0,3
3,0,3
3,0,3
4,0,4
3,0,3
171,27,198
4,0,4
4,0,4
30,0,30
3,0,3
4,0,4
3,0,3
35,0,35
22,0,22
3,0,3
3,0,3
2,0,2
174,245,419
3,0,3
2,0,2
10,0,10
3,0,3
2,0,2
4,0,4
3,0,3
5,0,5
3,0,3
3,0,3
6,0,6
3,0,3
4,0,4
3,0,3
2,0,2
2,0,2
2,0,2
14,0,14
3,0,3
20,0,20
12,0,12
2,0,2
3,0,3
6,0,6
9,0,9
4,0,4
2,0,2
7,0,7
2,0,2
8,0,8
5,0,5
2,0,2
2,0,2
3,1365,1368
3,0,3
3,0,3
15,0,15
2,0,2
2,0,2
33,0,33
3,0,3
7,0,7
3,0,3
3,0,3
3,0,3
3,0,3
5,0,5
7,0,7
4,0,4
8,0,8
2,0,2
5,0,5
2,0,2
5,0,5
4,0,4
4,0,4
3,0,3
2,0,2
2,0,2
3,0,3
3,0,3
12,136,148
3,0,3
4,0,4
3,0,3
2,0,2
7,0,7
3,0,3
7,0,7
3,0,3
2,0,2
4,0,4
3,0,3
9,0,9
2,0,2
14,0,14
7,0,7
2,0,2
3,0,3
8,0,8
3,0,3
4,0,4
3,36,39
5,0,5
5,0,5
3,0,3
2,0,2
3,0,3
7,0,7
2,0,2
3,0,3
4,0,4
4,0,4
5,0,5
5,0,5
3,0,3
2,0,2
5,0,5
12,0,12
13,0,13
25,40,65
2,0,2
3,0,3
2,0,2
2,0,2
9,0,9
4,0,4
5,0,5
5,0,5
3,0,3
3,0,3
3,0,3
2,0,2
3,0,3
3,0,3
35,0,35
4,0,4
3,0,3
4,0,4
3,0,3
24,0,24
3,0,3
4,0,4
4,0,4
9,0,9
9,0,9
3,0,3
22,0,22
2,0,2
32,0,32
6,0,6
171,23,194
10,0,10
9,0,9
2,0,2
6,0,6
14,0,14
3,0,3
3,0,3
9,0,9
5,0,5
2,0,2
2,0,2
9,0,9
243,635,878
10,0,10
7,0,7
18,0,18
4,0,4
3,0,3
3,0,3
4,0,4
3,0,3
31,0,31
3,0,3
2,0,2
5,348,353
2,0,2
3,0,3
3,0,3
11,0,11
6,0,6
14,0,14
2,0,2
4,0,4
2,0,2
30,0,30
2,0,2
8,0,8
6,0,6
8,0,8
10,0,10
3,0,3
2,0,2
3,0,3
3,0,3
3,0,3
5,0,5
2,0,2
3,0,3
5,0,5
8,15,23
9,0,9
7,0,7
8,0,8
5,0,5
6,0,6
4,0,4
2,0,2
4,0,4
9,0,9
3,0,3
2,15,17
4,0,4
33,133,166
3,0,3
2,0,2
3,0,3
30,0,30
6,0,6
4,0,4
3,0,3
30,0,30
171,253,424
5,0,5
3,0,3
2,0,2
10,0,10
3,0,3
4,0,4
8,0,8
4,0,4
8,0,8
2,0,2
32,0,32
2,0,2
2,0,2
2,0,2
3,0,3
9,55,64
2,0,2
2,0,2
7,0,7
5,0,5
2,0,2
3,0,3
3,0,3
3,0,3
3,0,3
3,0,3
6,0,6
2,0,2
8,0,8
4,0,4
3,0,3
11,0,11
2,0,2
4,0,4
2,0,2
7,0,7
2,0,2
3,0,3
2,0,2
2,0,2
5,0,5
5,0,5
29,164,193
13,0,13
3,0,3
3,0,3
8,0,8
2,0,2
4,0,4
2,0,2
3,0,3
3,0,3
3,0,3
3,0,3
4,0,4
3,46,49
6,0,6
2,0,2
14,0,14
3,0,3
2,0,2
3,0,3
2,0,2
2,0,2
4,0,4
47,628,675
3,0,3
3,0,3
2,0,2
3,0,3
4,0,4
3,0,3
3,0,3
4,0,4
3,0,3
2,0,2
6,0,6
2,0,2
31,0,31
3,0,3
30,0,30
4,0,4
5,0,5
5,0,5
2,0,2
9,0,9
3,0,3
3,0,3
4,0,4
11,0,11
2,0,2
3,0,3
2,0,2
2,0,2
7,0,7
2,0,2
3,0,3
3,0,3
5,0,5
15,0,15
2,0,2
3,0,3
3,0,3
9,0,9
16,0,16
3,0,3
2,0,2
2,0,2
6,0,6
6,0,6
2,0,2
3,0,3
3,0,3
6,0,6
2,0,2
5,0,5
3,0,3
2,0,2
3,0,3
5,0,5
30,0,30
5,0,5
5,0,5
2,0,2
3,0,3
3,0,3
12,0,12
5,0,5
3,0,3
6,0,6
3,33,36
3,0,3
4,0,4
2,0,2
30,0,30
4,0,4
2,0,2
2,0,2
2,0,2
3,0,3
171,58,229
3,0,3
5,0,5
3,0,3
2,0,2
15,0,15
5,0,5
11,0,11
3,0,3
4,0,4
3,0,3
9,0,9
173,268,441
2,0,2
2,0,2
4,0,4
3,0,3
3,0,3
158,327,485
4,0,4
2,0,2
5,0,5
2,0,2
4,0,4
3,0,3
8,0,8
6,0,6
2,0,2
3,0,3
4,0,4
171,57,228
2,0,2
2,0,2
6,0,6
8,0,8
4,0,4
3,0,3
6,0,6
3,0,3
4,0,4
2,0,2
2,0,2
2,0,2
3,0,3
3,0,3
5,0,5
9,52,61
5,0,5
7,0,7
3,0,3
5,0,5
10,0,10
4,0,4
3,0,3
3,0,3
14,0,14
5,0,5
30,0,30
3,0,3
4,0,4
6,0,6
2,0,2
5,0,5
9,0,9
9,0,9
3,0,3
43,0,43
2,0,2
2,0,2
11,0,11
9,0,9
3,0,3
2,0,2
5,0,5
2,0,2
2,0,2
5,0,5
2,0,2
3,0,3
4,0,4
3,0,3
4,0,4
6,0,6
2,0,2
3,0,3
70,0,70
3,0,3
4,0,4
4,0,4
3,0,3
3,0,3
2,0,2
30,0,30
2,0,2
6,0,6
6,0,6
2,348,350
26,0,26
4,0,4
6,0,6
2,0,2
3,0,3
2,0,2
3,0,3
8,0,8
32,0,32
2,0,2
6,0,6
4,0,4
2,0,2
2,0,2
3,0,3
172,334,506
6,0,6
5,0,5
4,0,4
12,0,12
3,0,3
5,0,5
4,0,4
3,0,3
3,0,3
4,0,4
3,0,3
3,0,3
4,135,139
19,0,19
2,0,2
3,0,3
3,0,3
7,0,7
4,0,4
2,0,2
10,0,10
3,0,3
2,0,2
2,0,2
2,0,2
13,183,196
6,0,6
22,0,22
4,0,4
3,0,3
7,0,7
3,0,3
5,0,5
30,0,30
12,0,12
4,0,4
33,0,33
4,0,4
4,0,4
3,0,3
3,0,3
176,341,517
5,0,5
2,0,2
32,0,32
10,0,10
4,0,4
3,0,3
3,0,3
4,0,4
4,0,4
6,0,6
3,0,3
4,0,4
6,0,6
4,0,4
6,0,6
3,0,3
6,0,6
4,0,4
9,48,57
12,0,12
4,0,4
3,0,3
3,0,3
170,396,566
4,0,4
3,0,3
2,0,2
3,0,3
3,0,3
12,0,12
2,0,2
3,0,3
2,0,2
4,0,4
2,0,2
9,0,9
6,0,6
4,0,4
5,0,5
3,0,3
2,0,2
9,80,89
2,0,2
4,0,4
3,0,3
3,0,3
3,0,3
28,0,28
8,0,8
11,0,11
2,0,2
36,0,36
4,0,4
4,0,4
8,0,8
4,0,4
3,0,3
3,0,3
3,0,3
32,0,32
10,0,10
3,0,3
3,0,3
4,0,4
5,0,5
14,0,14
2,0,2
4,0,4
6,0,6
4,0,4
16,0,16
5,0,5
2,0,2
7,0,7
3,0,3
4,0,4
9,0,9
4,0,4
7,0,7
3,0,3
2,0,2
3,0,3
2,0,2
3,0,3
11,0,11
5,0,5
3,0,3
3,0,3
7,0,7
3,0,3
3,0,3
3,0,3
9,0,9
11,0,11
3,0,3
6,0,6
171,60,231
3,0,3
3,0,3
4,0,4
175,0,175
2,0,2
9,0,9
3,0,3
19,0,19
4,0,4
3,0,3
173,0,173
7,0,7
4,0,4
5,0,5
3,0,3
2,0,2
3,0,3
10,0,10
5,0,5
3,0,3
4,0,4
3,0,3
12,0,12
5,0,5
3,0,3
2,0,2
3,0,3
3,0,3
4,0,4
2,0,2
2,0,2
3,0,3
2,0,2
2,0,2
15,0,15
8,0,8
3,0,3
13,0,13
6,0,6
2,0,2
6,0,6
2,0,2
7,0,7
3,0,3
4,0,4
3,0,3
6,0,6
11,0,11
2,0,2
3,0,3
5,0,5
19,0,19
7,0,7
4,0,4
10,0,10
16,0,16
2,0,2
3,0,3
3,0,3
3,0,3
3,0,3
4,0,4
2,0,2
4,0,4
3,0,3
7,0,7
3,0,3
3,0,3
4,0,4
3,0,3
3,0,3
3,0,3
3,0,3
4,0,4
2,0,2
11,0,11
3,0,3
3,0,3
3,0,3
174,242,416
4,0,4
8,0,8
173,295,468
3,0,3
8,0,8
171,3,174
3,0,3
2,0,2
3,0,3
3,0,3
3,0,3
19,0,19
4,0,4
2,0,2
3,0,3
7,0,7
3,0,3
8,361,369
2,0,2
14,0,14
13,0,13
9,0,9
3,0,3
3,0,3
3,0,3
2,0,2
2,0,2
3,0,3
12,211,223
23,0,23
4,0,4
5,0,5
2,0,2
20,0,20
171,0,171
5,0,5
6,0,6
172,38,210
3,0,3
7,0,7
2,0,2
2,0,2
3,0,3
10,23,33
8,0,8
174,272,446
8,0,8
2,0,2
3,0,3
2,0,2
2,0,2
3,0,3
172,142,314
3,0,3
3,0,3
2,0,2
3,0,3
3,0,3
2,0,2
2,0,2
3,0,3
8,0,8
5,0,5
5,0,5
3,0,3
10,0,10
3,0,3
7,0,7
2,0,2
2,0,2
4,0,4
9,0,9
5,0,5
4,0,4
2,0,2
5,0,5
2,0,2
5,0,5
8,57,65
2,0,2
7,0,7
3,0,3
4,0,4
3,0,3
3,0,3
3,0,3
32,0,32
3,0,3
3,0,3
4,0,4
3,0,3
4,0,4
4,0,4
172,245,417
3,0,3
3,0,3
5,0,5
32,0,32
3,0,3
3,0,3
3,0,3
3,0,3
5,0,5
2,0,2
3,0,3
4,0,4
8,0,8
2,0,2
4,0,4
6,0,6
9,0,9
3,0,3
2,0,2
3,0,3
2,0,2
5,0,5
6,0,6
3,0,3
6,6,12
5,0,5
4,0,4
15,0,15
3,0,3
38,0,38
6,0,6
3,0,3
4,0,4
3,0,3
4,0,4
5,0,5
6,0,6
7,0,7
2,0,2
3,0,3
3,0,3
2,0,2
2,0,2
5,0,5
176,429,605
2,0,2
7,0,7
2,0,2
8,0,8
3,0,3
2,0,2
4,0,4
2,0,2
2,0,2
3,0,3
3,0,3
4,0,4
60,0,60
3,0,3
2,0,2
3,0,3
4,0,4
5,0,5
17,0,17
2,0,2
5,0,5
4,0,4
3,0,3
28,0,28
4,0,4
2,0,2
171,0,171
20,0,20
3,0,3
2,0,2
2,0,2
3,0,3
4,0,4
3,0,3
3,0,3
4,0,4
3,0,3
3,0,3
4,0,4
4,0,4
2,0,2
4,0,4
9,0,9
5,0,5
3,0,3
5,0,5
4,0,4
3,0,3
3,0,3
2,0,2
15,0,15
170,252,422
4,0,4
30,0,30
11,0,11
5,0,5
2,0,2
176,237,413
30,0,30
3,0,3
22,0,22
3,0,3
2,0,2
7,0,7
9,0,9
2,0,2
6,0,6
4,0,4
2,0,2
3,0,3
2,0,2
2,0,2
3,0,3
3,0,3
3,0,3
3,0,3
3,0,3
3,0,3
30,0,30
4,0,4
3,0,3
3,0,3
4,0,4
4,0,4
3,0,3
2,0,2
2,0,2
6,0,6
3,0,3
3,0,3
3,0,3
2,0,2
6,0,6
2,0,2
6,0,6
7,0,7
3,0,3
32,0,32
4,0,4
16,0,16
5,39,44
10,0,10
4,0,4
3,0,3
2,0,2
3,0,3
4,0,4
6,0,6
3,0,3
3,0,3
9,0,9
3,0,3
14,0,14
3,0,3
5,0,5
2,0,2
5,0,5
3,0,3
3,0,3
6,0,6
176,286,462
2,0,2
5,0,5
8,0,8
2,0,2
8,0,8
10,0,10
26,0,26
3,0,3
10,0,10
6,0,6
5,0,5
4,0,4
13,0,13
11,0,11
11,0,11
2,0,2
8,0,8
3,0,3
3,0,3
4,0,4
3,0,3
2,0,2
3,0,3
4,0,4
6,0,6
3,0,3
2,0,2
3,0,3
2,0,2
11,0,11
2,0,2
3,0,3
2,0,2
2,0,2
8,0,8
19,0,19
175,0,175
2,0,2
2,0,2
2,0,2
2,0,2
2,0,2
2,0,2
3,0,3
36,0,36
17,0,17
2,19,21
3,0,3
5,0,5
36,0,36
16,0,16
5,0,5
3,0,3
3,0,3
3,0,3
3,0,3
2,0,2
3,0,3
2,0,2
4,0,4
8,0,8
6,0,6
2,0,2
16,404,420
11,0,11
3,0,3
3,0,3
32,0,32
4,0,4
2,0,2
5,0,5
6,0,6
3,0,3
3,0,3
13,0,13
5,0,5
13,0,13
3,0,3
3,0,3
2,0,2
3,0,3
2,0,2
3,0,3
4,0,4
2,0,2
8,0,8
30,0,30
3,0,3
3,0,3
3,0,3
6,0,6
3,0,3
8,0,8
2,0,2
3,0,3
2,0,2
3,0,3
5,0,5
2,0,2
2,0,2
2,0,2
17,0,17
4,0,4
6,0,6
11,0,11
3,0,3
2,0,2
4,0,4
6,0,6
2,0,2
30,0,30
3,0,3
2,0,2
3,0,3
11,0,11
12,0,12
2,0,2
5,0,5
2,0,2
3,0,3
3,0,3
3,0,3
6,0,6
9,0,9
3,0,3
4,0,4
3,0,3
4,0,4
24,0,24
10,0,10
4,0,4
170,243,413
7,4,11
2,0,2
8,0,8
3,0,3
12,0,12
3,0,3
2,0,2
9,0,9
3,0,3
2,0,2
5,0,5
3,0,3
32,0,32
6,0,6
3,0,3
3,0,3
3,0,3
3,0,3
8,0,8
2,0,2
2,0,2
3,0,3
185,291,476
2,0,2
5,0,5
7,141,148
2,0,2
4,0,4
30,0,30
9,0,9
4,0,4
3,0,3
4,15,19
8,0,8
6,0,6
6,0,6
2,15,17
5,0,5
3,0,3
6,0,6
2,0,2
3,0,3
2,0,2
2,0,2
5,0,5
4,0,4
2,0,2
5,0,5
12,0,12
17,77,94
2,0,2
2,0,2
3,0,3
2,0,2
4,0,4
3,0,3
10,0,10
7,0,7
33,0,33
30,0,30
6,0,6
3,0,3
3,0,3
14,348,362
11,0,11
3,0,3
11,0,11
2,0,2
2,0,2
17,0,17
3,0,3
3,0,3
196,27,223
2,0,2
2,0,2
3,0,3
3,0,3
6,0,6
3,0,3
4,0,4
4,0,4
3,0,3
3,0,3
171,330,501
2,0,2
3,0,3
2,0,2
3,0,3
5,0,5
2,0,2
5,0,5
3,0,3
3,0,3
7,0,7
3,0,3
4,0,4
3,0,3
3,0,3
2,0,2
3,0,3
3,0,3
7,0,7
30,0,30
3,80,83
3,0,3
7,0,7
7,0,7
30,0,30
6,0,6
13,0,13
3,0,3
6,0,6
9,0,9
10,0,10
2,0,2
2,0,2
2,0,2
3,0,3
2,0,2
10,0,10
3,0,3
3,0,3
2,0,2
8,0,8
14,0,14
4,0,4
11,0,11
2,0,2
6,0,6
2,0,2
4,0,4
2,0,2
12,0,12
3,0,3
7,0,7
172,243,415
3,0,3
3,0,3
2,0,2
4,0,4
2,0,2
3,0,3
2,0,2
4,0,4
3,0,3
23,0,23
2,0,2
2,0,2
5,0,5
170,229,399
4,0,4
3,0,3
9,0,9
30,0,30
2,0,2
3,0,3
2,0,2
3,0,3
4,0,4
170,264,434
3,0,3
3,0,3
58,489,547
3,0,3
2,0,2
3,0,3
2,0,2
2,0,2
6,0,6
3,0,3
2,0,2
32,0,32
5,0,5
2,0,2
6,0,6
9,0,9
2,0,2
5,0,5
2,0,2
2,0,2
3,0,3
4,0,4
3,0,3
2,0,2
3,0,3
4,0,4
26,0,26
8,0,8
4,0,4
3,0,3
170,265,435
170,250,420
2,0,2
3,0,3
4,0,4
2,0,2
2,0,2
16,0,16
3,0,3
4,0,4
8,0,8
3,0,3
7,0,7
2,0,2
170,254,424
8,0,8
13,0,13
3,0,3
2,0,2
5,0,5
3,0,3
4,0,4
3,0,3
23,0,23
14,0,14
3,0,3
2,0,2
6,0,6
6,0,6
6,0,6
3,0,3
4,0,4
5,0,5
5,0,5
3,0,3
3,0,3
3,0,3
4,0,4
5,0,5
7,0,7
2,0,2
9,0,9
9,0,9
2,0,2
8,0,8
3,0,3
3,0,3
2,0,2
2,0,2
3,0,3
38,0,38
2,0,2
6,0,6
8,0,8
8,0,8
3,0,3
5,0,5
52,0,52
37,0,37
15,0,15
3,0,3
5,0,5
3,0,3
3,0,3
3,0,3
3,0,3
8,0,8
5,0,5
3,0,3
5,0,5
3,0,3
8,0,8
2,0,2
8,0,8
10,0,10
2,0,2
30,0,30
24,116,140
3,0,3
2,0,2
2,0,2
2,0,2
5,0,5
5,0,5
2,0,2
4,0,4
2,0,2
172,0,172
4,0,4
19,0,19
2,0,2
3,0,3
3,0,3
170,282,452
170,261,431
4,0,4
2,0,2
4,0,4
30,0,30
2,0,2
4,0,4
10,0,10
10,0,10
3,0,3
31,0,31
4,0,4
10,0,10
2,0,2
8,0,8
3,0,3
176,697,873
3,0,3
38,0,38
3,0,3
3,0,3
34,0,34
7,0,7
5,0,5
4,0,4
2,0,2
10,0,10
9,0,9
101,1043,1144
5,0,5
3,0,3
6,0,6
4,0,4
2,0,2
2,0,2
2,0,2
3,0,3
2,0,2
4,0,4
4,0,4
9,0,9
2,0,2
2,0,2
3,0,3
2,0,2
2,0,2
2,0,2
2,0,2
2,0,2
4,0,4
2,0,2
32,0,32
5,0,5
5,0,5
6,0,6
3,0,3
2,0,2
2,0,2
3,0,3
3,0,3
4,0,4
2,0,2
8,0,8
5,0,5
4,0,4
5,0,5
3,0,3
175,1092,1267
7,0,7
2,0,2
3,0,3
170,237,407
3,0,3
2,0,2
3,0,3
3,0,3
11,0,11
6,0,6
5,0,5
3,0,3
3,0,3
2,0,2
2,0,2
3,0,3
2,0,2
5,0,5
7,27,34
3,0,3
2,0,2
2,0,2
10,0,10
4,0,4
4,0,4
2,0,2
6,0,6
5,0,5
3,0,3
3,0,3
4,0,4
6,0,6
5,0,5
3,0,3
3,0,3
37,502,539
8,0,8
2,0,2
9,0,9
11,0,11
3,0,3
2,0,2
3,0,3
3,0,3
171,353,524
3,0,3
2,0,2
4,0,4
4,0,4
2,0,2
5,0,5
5,0,5
7,0,7
8,0,8
5,0,5
4,0,4
172,76,248
3,0,3
6,0,6
2,0,2
2,0,2
3,0,3
2,0,2
2,0,2
4,0,4
6,0,6
2,0,2
6,0,6
4,0,4
7,0,7
8,0,8
3,0,3
2,0,2
5,0,5
3,0,3
170,232,402
3,0,3
2,0,2
4,0,4
2,0,2
3,0,3
5,0,5
3,0,3
5,0,5
7,0,7
171,61,232
10,0,10
3,0,3
10,0,10
170,488,658
7,0,7
4,0,4
24,84,108
7,0,7
2,0,2
13,0,13
3,0,3
2,0,2
4,0,4
8,0,8
5,0,5
3,0,3
5,0,5
7,0,7
17,0,17
2,0,2
2,0,2
10,0,10
2,0,2
4,0,4
171,25,196
19,0,19
5,0,5
2,0,2
9,0,9
3,0,3
2,0,2
2,0,2
2,0,2
4,0,4
170,243,413
3,0,3
11,0,11
11,61,72
2,0,2
2,0,2
4,0,4
3,0,3
170,310,480
4,0,4
31,0,31
4,0,4
2,0,2
4,0,4
3,0,3
4,0,4
11,117,128
30,0,30
3,0,3
5,0,5
8,0,8
3,0,3
3,0,3
2,0,2
3,0,3
9,0,9
3,0,3
3,0,3
2,0,2
5,0,5
2,0,2
3,0,3
4,0,4
3,0,3
4,0,4
2,0,2
6,0,6
5,0,5
6,0,6
3,0,3
171,0,171
5,0,5
2,0,2
4,0,4
3,0,3
11,0,11
6,0,6
5,0,5
2,0,2
3,0,3
5,0,5
4,0,4
30,0,30
2,0,2
7,0,7
3,0,3
6,0,6
2,0,2
10,0,10
3,0,3
2,0,2
2,0,2
2,0,2
2,0,2
3,0,3
2,0,2
7,0,7
3,0,3
10,0,10
9,0,9
10,0,10
3,0,3
4,0,4
4,0,4
171,62,233
10,0,10
3,0,3
2,0,2
7,0,7
3,0,3
6,0,6
6,0,6
3,0,3
32,0,32
172,141,313
6,0,6
30,0,30
4,0,4
16,353,369
4,0,4
4,0,4
3,0,3
20,684,704
2,0,2
4,0,4
8,0,8
6,0,6
7,0,7
2,0,2
8,0,8
2,0,2
8,0,8
3,0,3
176,293,469
3,0,3
3,0,3
7,0,7
3,0,3
30,0,30
3,0,3
2,0,2
12,0,12
2,27,29
2,0,2
3,0,3
4,0,4
28,0,28
2,0,2
5,0,5
3,0,3
32,0,32
7,0,7
3,0,3
184,435,619
7,0,7
4,0,4
7,0,7
5,0,5
2,0,2
2,0,2
3,0,3
5,0,5
3,0,3
3,0,3
17,26,43
11,0,11
6,0,6
2,0,2
7,0,7
4,0,4
3,0,3
6,0,6
8,0,8
3,0,3
3,0,3
3,0,3
3,0,3
2,0,2
5,0,5
11,0,11
4,0,4
3,0,3
14,158,172
3,0,3
3,0,3
3,0,3
186,647,833
3,0,3
5,0,5
2,0,2
5,0,5
3,0,3
3,0,3
170,268,438
5,0,5
4,0,4
19,0,19
3,0,3
2,0,2
2,0,2
4,0,4
3,0,3
4,0,4
2,0,2
5,0,5
2,0,2
32,679,711
4,0,4
2,0,2
30,0,30
2,0,2
170,817,987
2,0,2
3,0,3
2,0,2
3,0,3
16,0,16
8,0,8
3,0,3
3,0,3
4,0,4
50,594,644
4,0,4
3,0,3
3,0,3
6,0,6
14,0,14
22,0,22
2,0,2
4,0,4
3,0,3
5,0,5
43,0,43
4,0,4
2,0,2
5,0,5
170,312,482
5,0,5
3,0,3
3,0,3
173,0,173
6,0,6
11,0,11
2,0,2
3,0,3
2,0,2
9,0,9
9,0,9
5,0,5
6,0,6
27,0,27
2,0,2
177,0,177
171,234,405
3,0,3
2,0,2
5,0,5
4,0,4
4,0,4
3,0,3
5,0,5
4,0,4
2,0,2
172,385,557
2,0,2
8,0,8
2,0,2
24,0,24
14,0,14
4,0,4
7,0,7
3,0,3
11,0,11
6,0,6
6,0,6
3,0,3
7,0,7
15,0,15
13,0,13
3,0,3
5,0,5
8,0,8
4,0,4
170,365,535
3,0,3
4,0,4
4,0,4
2,0,2
2,0,2
2,0,2
18,0,18
6,0,6
3,0,3
2,0,2
8,0,8
3,0,3
24,0,24
3,0,3
5,0,5
3,0,3
3,0,3
3,0,3
6,0,6
3,0,3
5,0,5
14,0,14
3,0,3
3,0,3
20,0,20
2,0,2
3,0,3
2,0,2
6,0,6
2,0,2
5,0,5
5,0,5
3,0,3
3,0,3
4,0,4
2,0,2
3,0,3
5,0,5
7,0,7
32,0,32
3,0,3
30,0,30
4,0,4
5,0,5
3,0,3
4,0,4
4,0,4
3,0,3
9,0,9
3,0,3
2,0,2
3,0,3
3,0,3
2,0,2
3,0,3
5,0,5
4,0,4
2,0,2
15,0,15
5,0,5
3,0,3
3,0,3
3,0,3
170,289,459
2,0,2
30,0,30
5,0,5
9,0,9
2,0,2
3,0,3
2,0,2
2,0,2
3,0,3
3,0,3
11,0,11
2,0,2
3,0,3
3,0,3
3,0,3
3,0,3
3,0,3
3,0,3
4,0,4
2,0,2
3,0,3
4,0,4
6,0,6
8,0,8
3,0,3
3,0,3
2,0,2
3,0,3
12,0,12
15,0,15
4,0,4
3,0,3
2,0,2
3,0,3
5,0,5
4,0,4
6,0,6
3,0,3
31,0,31
10,0,10
3,0,3
2,0,2
20,0,20
4,0,4
2,0,2
5,0,5
4,0,4
4,0,4
6,0,6
10,0,10
3,0,3
3,0,3
170,292,462
5,0,5
4,0,4
4,0,4
2,0,2
4,0,4
4,0,4
5,0,5
3,0,3
6,0,6
3,0,3
3,0,3
3,0,3
29,0,29
3,0,3
8,0,8
5,0,5
171,233,404
4,0,4
172,252,424
6,0,6
9,0,9
4,606,610
15,0,15
2,0,2
5,0,5
2,0,2
3,0,3
3,0,3
3,0,3
4,0,4
6,0,6
3,0,3
15,0,15
2,0,2
2,0,2
2,0,2
5,0,5
26,170,196
4,0,4
4,0,4
6,0,6
3,0,3
6,0,6
3,0,3
2,0,2
2,0,2
3,0,3
31,0,31
13,0,13
3,0,3
7,0,7
4,0,4
2,0,2
2,0,2
5,0,5
5,0,5
3,0,3
2,0,2
3,0,3
3,0,3
171,60,231
5,0,5
2,0,2
171,121,292
11,0,11
6,0,6
2,0,2
4,0,4
5,0,5
6,0,6
2,0,2
14,0,14
4,0,4
30,0,30
5,0,5
4,0,4
30,0,30
3,146,149
3,0,3
2,0,2
2,0,2
4,0,4
3,0,3
2,0,2
3,0,3
3,0,3
173,327,500
13,0,13
4,0,4
31,0,31
3,0,3
3,0,3
35,0,35
3,0,3
3,0,3
3,0,3
4,0,4
4,0,4
9,0,9
3,0,3
3,0,3
4,0,4
3,0,3
30,0,30
3,0,3
3,0,3
7,0,7
13,21,34
3,0,3
2,0,2
3,0,3
5,0,5
3,0,3
8,0,8
3,0,3
3,0,3
3,0,3
4,0,4
14,607,621
6,0,6
8,0,8
3,0,3
8,0,8
7,0,7
8,0,8
9,0,9
3,0,3
12,0,12
171,281,452
32,0,32
6,0,6
4,0,4
176,500,676
8,0,8
5,0,5
3,0,3
3,0,3
8,55,63
2,0,2
5,0,5
3,0,3
2,0,2
4,0,4
3,0,3
2,0,2
171,250,421
34,0,34
7,0,7
3,0,3
2,0,2
2,0,2
6,0,6
3,0,3
3,0,3
3,0,3
6,0,6
4,0,4
11,0,11
3,0,3
4,0,4
3,0,3
2,0,2
4,0,4
4,0,4
173,266,439
2,0,2
3,0,3
173,291,464
3,0,3
3,0,3
13,0,13
3,0,3
29,0,29
3,0,3
3,0,3
2,0,2
2,0,2
3,0,3
9,0,9
2,0,2
170,299,469
3,0,3
4,0,4
4,0,4
8,0,8
2,0,2
13,0,13
19,0,19
11,0,11
2,0,2
8,0,8
3,0,3
2,0,2
2,0,2
17,378,395
2,0,2
3,0,3
2,0,2
4,0,4
3,0,3
14,0,14
2,0,2
190,83,273
20,653,673
13,0,13
15,0,15
30,0,30
2,0,2
4,0,4
2,0,2
3,0,3
2,0,2
6,0,6
20,0,20
5,0,5
12,0,12
10,0,10
3,0,3
28,0,28
9,0,9
3,0,3
2,0,2
2,0,2
13,0,13
2,0,2
2,0,2
3,0,3
3,0,3
18,97,115
3,0,3
3,0,3
8,0,8
2,0,2
6,0,6
3,0,3
4,0,4
2,0,2
2,0,2
32,0,32
6,0,6
9,0,9
6,0,6
3,0,3
12,0,12
4,0,4
4,0,4
2,0,2
2,0,2
25,0,25
2,0,2
3,0,3
4,0,4
4,0,4
2,0,2
14,0,14
13,0,13
3,0,3
2,0,2
3,0,3
4,0,4
171,22,193
4,0,4
3,0,3
2,0,2
2,0,2
6,0,6
3,0,3
2,0,2
3,0,3
4,0,4
3,0,3
8,0,8
4,0,4
2,0,2
3,0,3
3,0,3
2,0,2
6,0,6
6,0,6
4,0,4
2,0,2
3,0,3
178,0,178
3,0,3
3,0,3
2,0,2
3,0,3
3,0,3
3,275,278
13,134,147
2,0,2
8,0,8
6,0,6
5,0,5
3,0,3
2,0,2
3,0,3
2,0,2
2,0,2
178,742,920
3,0,3
3,0,3
6,0,6
3,0,3
5,0,5
12,0,12
30,0,30
170,228,398
7,0,7
3,0,3
4,0,4
30,0,30
3,0,3
7,0,7
3,0,3
4,0,4
6,0,6
14,0,14
3,0,3
3,0,3
2,0,2
32,0,32
5,0,5
29,426,455
8,105,113
8,0,8
3,0,3
3,0,3
6,0,6
2,0,2
3,0,3
7,0,7
3,0,3
5,0,5
6,0,6
3,0,3
3,0,3
2,0,2
173,0,173
8,0,8
4,0,4
2,0,2
2,0,2
4,0,4
3,0,3
2,0,2
58,0,58
2,0,2
4,0,4
2,0,2
5,0,5
2,0,2
14,0,14
3,0,3
11,0,11
3,0,3
4,0,4
3,0,3
2,0,2
3,0,3
5,0,5
4,0,4
6,0,6
3,0,3
48,33,81
2,0,2
3,0,3
3,0,3
4,0,4
3,0,3
2,0,2
3,0,3
12,0,12
4,0,4
4,0,4
2,0,2
3,0,3
3,0,3
8,0,8
26,155,181
5,0,5
3,0,3
3,0,3
32,0,32
6,0,6
3,0,3
3,0,3
3,0,3
32,0,32
9,0,9
3,0,3
5,0,5
4,0,4
3,0,3
2,0,2
3,0,3
4,0,4
4,0,4
3,0,3
32,0,32
4,0,4
5,0,5
3,0,3
4,0,4
9,0,9
8,0,8
28,265,293
3,0,3
2,0,2
2,0,2
20,0,20
3,0,3
2,0,2
5,0,5
7,0,7
10,0,10
5,0,5
3,0,3
2,0,2
10,0,10
3,0,3
8,0,8
3,0,3
4,0,4
4,0,4
9,0,9
9,0,9
3,0,3
3,0,3
3,0,3
2,0,2
5,0,5
3,0,3
2,15,17
33,0,33
3,0,3
3,0,3
5,0,5
14,0,14
4,0,4
3,0,3
5,0,5
4,0,4
2,0,2
4,0,4
2,0,2
34,178,212
3,0,3
2,0,2
8,0,8
3,0,3
8,0,8
4,0,4
23,0,23
5,0,5
13,0,13
7,0,7
2,0,2
2,0,2
3,0,3
170,228,398
3,0,3
10,0,10
3,0,3
4,0,4
3,0,3
2,0,2
11,0,11
6,0,6
2,0,2
6,0,6
4,0,4
2,0,2
3,0,3
2,0,2
6,0,6
4,0,4
2,0,2
3,0,3
3,20,23
3,0,3
3,0,3
4,0,4
32,0,32
171,13,184
2,0,2
5,0,5
18,0,18
3,0,3
15,0,15
2,0,2
4,0,4
2,0,2
2,0,2
3,0,3
3,0,3
3,0,3
26,0,26
6,0,6
12,0,12
3,0,3
7,0,7
4,0,4
171,356,527
3,0,3
11,0,11
30,0,30
3,0,3
4,0,4
7,0,7
7,0,7
11,0,11
3,0,3
32,0,32
4,0,4
7,0,7
15,0,15
2,0,2
2,0,2
2,0,2
6,275,281
2,0,2
2,0,2
5,0,5
4,0,4
2,0,2
7,0,7
3,0,3
2,0,2
10,223,233
3,0,3
12,0,12
3,0,3
5,0,5
3,0,3
6,0,6
3,0,3
174,259,433
3,0,3
2,0,2
3,0,3
2,28,30
3,0,3
3,0,3
2,0,2
3,0,3
3,0,3
9,0,9
30,0,30
7,0,7
4,0,4
3,0,3
3,0,3
3,0,3
5,0,5
3,0,3
12,0,12
3,0,3
3,0,3
10,0,10
5,0,5
2,0,2
3,0,3
6,0,6
5,0,5
2,0,2
3,0,3
7,0,7
2,0,2
7,0,7
30,0,30
3,0,3
2,0,2
7,0,7
5,0,5
4,0,4
3,0,3
4,0,4
3,0,3
3,0,3
6,0,6
3,0,3
3,0,3
6,0,6
171,274,445
3,0,3
4,0,4
2,0,2
3,0,3
6,0,6
5,0,5
2,0,2
4,0,4
3,0,3
6,0,6
3,0,3
171,0,171
3,0,3
3,0,3
7,0,7
12,0,12
3,0,3
2,0,2
2,0,2
4,0,4
4,0,4
14,0,14
3,0,3
2,0,2
15,13,28
5,0,5
89,0,89
2,0,2
6,0,6
4,0,4
5,0,5
3,0,3
2,0,2
7,0,7
3,0,3
3,0,3
3,0,3
2,0,2
5,0,5
5,0,5
2,0,2
6,0,6
3,0,3
6,0,6
3,0,3
30,0,30
5,0,5
30,0,30
5,0,5
2,362,364
3,0,3
2,0,2
8,0,8
9,0,9
3,0,3
7,0,7
6,0,6
3,0,3
5,0,5
14,0,14
3,0,3
5,0,5
3,0,3
3,0,3
5,0,5
3,0,3
4,0,4
2,0,2
3,0,3
30,0,30
3,0,3
2,0,2
2,0,2
4,0,4
3,0,3
2,0,2
5,0,5
37,0,37
5,0,5
3,0,3
5,0,5
2,0,2
2,0,2
3,0,3
18,0,18
3,0,3
3,0,3
4,0,4
12,0,12
27,0,27
5,0,5
3,0,3
2,0,2
3,0,3
2,0,2
10,0,10
12,0,12
2,0,2
2,0,2
2,0,2
4,0,4
9,0,9
4,0,4
7,0,7
9,0,9
2,0,2
4,0,4
31,0,31
2,0,2
2,0,2
4,0,4
11,0,11
3,0,3
2,0,2
22,0,22
4,0,4
2,0,2
8,0,8
5,0,5
5,0,5
6,0,6
3,0,3
4,0,4
2,0,2
6,0,6
6,0,6
2,0,2
2,0,2
52,870,922
5,0,5
2,0,2
3,0,3
3,0,3
2,0,2
12,0,12
4,0,4
39,296,335
6,0,6
9,0,9
7,0,7
10,0,10
37,0,37
3,0,3
9,0,9
9,0,9
3,0,3
2,0,2
3,0,3
4,0,4
34,0,34
6,0,6
2,0,2
3,0,3
5,0,5
4,0,4
17,0,17
2,0,2
2,0,2
6,60,66
12,0,12
7,0,7
2,0,2
3,0,3
7,0,7
8,0,8
4,0,4
170,326,496
18,0,18
3,0,3
3,0,3
2,0,2
3,0,3
3,0,3
174,267,441
3,0,3
170,247,417
3,0,3
4,0,4
6,0,6
3,0,3
3,0,3
2,0,2
4,0,4
5,0,5
2,0,2
3,0,3
21,86,107
3,0,3
3,0,3
2,0,2
9,0,9
3,0,3
3,0,3
3,0,3
3,0,3
2,0,2
2,0,2
2,0,2
2,0,2
4,0,4
4,0,4
3,0,3
4,0,4
4,0,4
32,0,32
3,0,3
3,0,3
3,0,3
5,0,5
3,0,3
5,0,5
2,0,2
3,0,3
6,0,6
3,0,3
27,0,27
3,0,3
3,0,3
3,0,3
2,0,2
3,91,94
3,0,3
3,0,3
5,0,5
2,0,2
9,0,9
3,0,3
2,0,2
2,0,2
7,0,7
3,0,3
30,0,30
2,0,2
7,0,7
3,0,3
18,180,198
3,0,3
4,0,4
11,0,11
3,0,3
3,0,3
13,0,13
5,0,5
12,0,12
3,0,3
3,0,3
2,0,2
4,0,4
2,0,2
6,0,6
13,0,13
3,0,3
2,0,2
6,0,6
15,0,15
4,0,4
3,0,3
2,0,2
4,0,4
2,0,2
4,0,4
2,0,2
3,0,3
6,0,6
3,0,3
3,0,3
2,0,2
2,0,2
3,0,3
5,0,5
3,0,3
3,0,3
2,0,2
24,259,283
4,0,4
9,0,9
14,0,14
2,0,2
10,0,10
2,0,2
171,0,171
4,0,4
3,0,3
2,0,2
7,0,7
3,0,3
4,0,4
3,0,3
2,0,2
2,0,2
3,0,3
3,0,3
3,0,3
2,0,2
2,0,2
3,0,3
2,0,2
3,0,3
3,0,3
4,0,4
2,0,2
3,0,3
3,0,3
4,0,4
2,0,2
3,0,3
5,0,5
33,0,33
3,0,3
2,0,2
4,0,4
9,0,9
21,0,21
3,0,3
4,0,4
10,14,24
31,0,31
170,247,417
14,0,14
5,0,5
6,0,6
3,0,3
3,0,3
3,0,3
2,0,2
16,0,16
5,0,5
3,0,3
9,39,48
3,0,3
32,0,32
4,0,4
3,0,3
30,0,30
2,0,2
4,0,4
171,0,171
6,0,6
2,0,2
2,0,2
2,0,2
36,832,868
5,0,5
2,0,2
2,0,2
3,0,3
6,0,6
2,0,2
4,0,4
2,0,2
3,0,3
6,0,6
5,0,5
2,0,2
26,0,26
2,0,2
2,0,2
2,0,2
2,0,2
12,0,12
3,0,3
3,0,3
3,0,3
3,0,3
4,0,4
2,0,2
2,0,2
2,0,2
2,0,2
4,0,4
4,0,4
3,0,3
3,0,3
3,0,3
4,0,4
9,0,9
30,0,30
2,0,2
4,0,4
2,0,2
2,0,2
8,0,8
8,0,8
3,0,3
3,0,3
7,0,7
171,250,421
3,0,3
3,0,3
38,281,319
4,0,4
8,0,8
4,0,4
2,0,2
3,0,3
2,0,2
3,0,3
4,0,4
3,0,3
5,0,5
2,0,2
15,0,15
9,0,9
5,0,5
3,0,3
11,0,11
2,0,2
5,0,5
4,0,4
3,0,3
24,0,24
24,0,24
3,0,3
2,0,2
170,235,405
2,0,2
10,0,10
5,0,5
5,0,5
22,0,22
5,0,5
3,0,3
3,0,3
3,0,3
11,0,11
2,0,2
4,0,4
5,0,5
2,0,2
2,0,2
3,0,3
6,0,6
2,0,2
2,0,2
8,0,8
171,273,444
3,0,3
2,0,2
2,0,2
4,0,4
2,0,2
2,0,2
2,0,2
7,0,7
3,0,3
2,0,2
5,0,5
9,0,9
8,0,8
3,0,3
5,0,5
31,0,31
6,0,6
2,0,2
2,0,2
2,0,2
3,0,3
39,0,39
2,0,2
4,0,4
8,0,8
4,0,4
6,0,6
3,0,3
3,0,3
3,0,3
170,237,407
4,0,4
22,0,22
8,0,8
2,0,2
2,0,2
32,0,32
5,0,5
3,0,3
3,0,3
7,0,7
2,0,2
2,0,2
3,0,3
6,0,6
2,0,2
3,0,3
4,0,4
91,682,773
11,0,11
2,0,2
15,0,15
9,0,9
3,0,3
5,0,5
3,0,3
2,0,2
2,0,2
2,0,2
2,0,2
34,199,233
4,0,4
4,0,4
4,0,4
170,240,410
2,0,2
12,0,12
6,0,6
2,0,2
3,0,3
3,0,3
16,0,16
2,0,2
3,0,3
3,0,3
2,0,2
2,0,2
5,0,5
3,0,3
7,0,7
5,0,5
5,0,5
2,0,2
6,0,6
15,0,15
3,0,3
2,0,2
4,0,4
2,0,2
4,0,4
3,0,3
5,0,5
11,0,11
13,0,13
2,0,2
2,0,2
5,0,5
9,0,9
94,387,481
4,0,4
3,0,3
12,0,12
3,0,3
3,0,3
173,0,173
2,0,2
4,0,4
7,0,7
32,0,32
4,0,4
5,0,5
173,224,397
7,0,7
2,0,2
3,0,3
3,0,3
3,0,3
4,69,73
12,0,12
2,0,2
170,239,409
2,0,2
2,0,2
5,0,5
32,0,32
4,0,4
4,0,4
170,268,438
12,0,12
2,0,2
2,0,2
3,0,3
9,0,9
7,0,7
3,0,3
3,0,3
4,0,4
3,0,3
171,239,410
2,0,2
5,0,5
3,0,3
2,0,2
3,0,3
3,0,3
171,234,405
9,0,9
3,0,3
31,44,75
2,0,2
3,0,3
6,0,6
3,0,3
6,0,6
28,0,28
2,0,2
4,0,4
3,0,3
3,0,3
2,0,2
3,0,3
2,0,2
2,0,2
3,0,3
2,0,2
2,0,2
3,0,3
4,0,4
2,0,2
2,0,2
3,0,3
2,0,2
5,0,5
2,0,2
44,0,44
3,0,3
3,0,3
3,0,3
2,0,2
5,0,5
170,238,408
2,0,2
2,0,2
2,0,2
5,0,5
4,0,4
3,0,3
9,0,9
4,0,4
7,0,7
2,0,2
2,0,2
4,0,4
8,0,8
3,0,3
3,0,3
2,0,2
2,0,2
9,0,9
4,0,4
2,0,2
2,0,2
3,0,3
3,0,3
55,0,55
12,0,12
5,0,5
2,0,2
33,0,33
5,0,5
2,0,2
3,0,3
7,0,7
5,0,5
4,0,4
4,0,4
2,0,2
31,0,31
5,0,5
9,0,9
8,0,8
2,0,2
3,0,3
15,0,15
5,0,5
2,0,2
3,0,3
3,0,3
3,0,3
3,0,3
18,0,18
8,0,8
4,0,4
5,0,5
3,27,30
4,0,4
10,41,51
2,0,2
3,0,3
15,0,15
2,0,2
3,0,3
174,406,580
32,0,32
6,0,6
4,0,4
2,0,2
2,0,2
2,0,2
4,0,4
3,0,3
3,0,3
23,0,23
6,0,6
10,0,10
3,0,3
3,0,3
3,0,3
22,0,22
4,0,4
4,0,4
2,0,2
8,0,8
3,0,3
6,0,6
8,0,8
2,0,2
4,0,4
6,0,6
9,0,9
4,0,4
2,0,2
2,0,2
20,0,20
3,0,3
15,0,15
13,0,13
2,0,2
5,0,5
2,0,2
4,0,4
4,0,4
11,0,11
12,0,12
3,0,3
6,0,6
4,0,4
4,0,4
4,0,4
4,0,4
2,0,2
5,0,5
5,0,5
3,0,3
6,0,6
3,0,3
2,0,2
3,0,3
3,0,3
8,0,8
4,0,4
3,0,3
9,306,315
3,0,3
4,0,4
2,0,2
5,0,5
5,0,5
2,0,2
3,0,3
3,0,3
7,0,7
174,844,1018
2,0,2
187,376,563
2,0,2
2,0,2
31,0,31
2,0,2
2,0,2
7,0,7
3,0,3
5,0,5
2,0,2
2,0,2
3,0,3
6,0,6
3,0,3
2,0,2
2,0,2
2,0,2
2,0,2
12,0,12
9,0,9
2,0,2
3,0,3
3,0,3
5,0,5
174,857,1031
2,0,2
14,0,14
4,0,4
3,0,3
2,0,2
9,0,9
2,0,2
2,0,2
5,0,5
3,0,3
14,0,14
6,0,6
3,0,3
172,288,460
2,0,2
3,0,3
2,0,2
5,0,5
10,0,10
2,0,2
4,0,4
2,0,2
5,0,5
3,0,3
4,0,4
4,0,4
33,0,33
6,0,6
5,0,5
16,0,16
3,0,3
2,0,2
3,0,3
5,0,5
3,0,3
3,0,3
2,0,2
3,0,3
2,0,2
4,0,4
30,0,30
3,0,3
7,0,7
3,0,3
7,0,7
3,0,3
3,0,3
3,0,3
3,0,3
7,0,7
6,0,6
2,0,2
3,0,3
2,0,2
2,0,2
5,0,5
3,0,3
15,0,15
11,0,11
33,0,33
3,0,3
3,0,3
3,0,3
170,258,428
2,0,2
4,0,4
176,357,533
3,0,3
10,0,10
4,0,4
32,0,32
3,0,3
2,0,2
38,0,38
3,0,3
5,0,5
8,0,8
30,0,30
2,0,2
2,0,2
4,0,4
9,0,9
3,0,3
3,0,3
3,0,3
4,0,4
8,0,8
4,0,4
7,0,7
10,0,10
5,0,5
9,0,9
18,0,18
12,0,12
7,0,7
4,0,4
2,0,2
3,161,164
2,0,2
7,0,7
3,0,3
2,0,2
3,0,3
32,0,32
171,259,430
51,0,51
17,0,17
4,0,4
8,0,8
3,0,3
3,0,3
2,0,2
3,0,3
10,0,10
3,0,3
4,0,4
7,0,7
2,0,2
6,0,6
2,0,2
4,0,4
5,0,5
3,0,3
32,0,32
12,0,12
2,0,2
10,0,10
3,0,3
3,0,3
2,0,2
2,0,2
4,0,4
5,0,5
3,0,3
2,0,2
9,0,9
2,0,2
2,0,2
8,0,8
173,324,497
8,0,8
4,0,4
9,0,9
2,0,2
7,0,7
2,0,2
3,0,3
4,0,4
2,0,2
2,0,2
2,0,2
3,0,3
15,0,15
3,0,3
4,234,238
3,0,3
4,0,4
4,0,4
4,0,4
3,0,3
175,0,175
34,0,34
2,0,2
4,0,4
2,0,2
3,0,3
5,0,5
2,0,2
4,0,4
2,0,2
3,0,3
6,0,6
3,0,3
41,0,41
6,0,6
30,0,30
2,0,2
3,0,3
2,0,2
3,0,3
5,0,5
3,0,3
5,0,5
4,0,4
3,0,3
5,0,5
2,0,2
170,231,401
186,469,655
3,0,3
5,0,5
4,0,4
3,0,3
2,0,2
2,0,2
2,0,2
2,0,2
8,0,8
10,0,10
3,0,3
8,0,8
171,237,408
3,0,3
6,0,6
3,0,3
6,0,6
30,0,30
9,0,9
11,0,11
2,0,2
9,0,9
2,0,2
4,0,4
3,0,3
4,0,4
10,81,91
3,0,3
2,0,2
3,0,3
2,0,2
3,0,3
3,0,3
2,0,2
3,0,3
30,0,30
170,248,418
2,0,2
8,0,8
2,0,2
5,0,5
8,0,8
5,0,5
170,277,447
8,0,8
8,0,8
7,0,7
5,0,5
6,0,6
2,0,2
6,0,6
4,0,4
2,0,2
3,0,3
3,0,3
10,0,10
5,0,5
2,0,2
18,315,333
11,636,647
3,0,3
29,0,29
7,0,7
2,0,2
170,229,399
3,0,3
5,0,5
171,237,408
2,0,2
4,0,4
2,0,2
3,0,3
6,0,6
30,353,383
2,0,2
3,0,3
3,0,3
4,0,4
4,0,4
7,0,7
6,0,6
4,0,4
2,0,2
3,0,3
3,0,3
6,0,6
3,0,3
5,0,5
12,0,12
5,0,5
5,0,5
3,0,3
3,0,3
2,0,2
3,0,3
3,0,3
182,0,182
2,0,2
2,0,2
3,0,3
3,0,3
3,0,3
3,0,3
17,0,17
5,0,5
6,0,6
2,0,2
2,0,2
172,263,435
2,0,2
4,0,4
5,0,5
2,18,20
3,0,3
3,0,3
7,0,7
2,0,2
2,0,2
3,0,3
16,97,113
3,0,3
3,0,3
2,0,2
2,0,2
8,0,8
32,0,32
174,35,209
6,0,6
3,0,3
2,0,2
6,0,6
2,0,2
2,0,2
3,0,3
4,0,4
9,0,9
7,0,7
2,0,2
5,0,5
7,0,7
2,0,2
9,0,9
172,48,220
2,0,2
3,0,3
3,0,3
3,0,3
4,348,352
6,0,6
6,0,6
3,0,3
2,0,2
2,0,2
7,0,7
8,0,8
171,0,171
189,40,229
2,0,2
6,0,6
7,0,7
5,0,5
2,0,2
2,0,2
6,0,6
12,0,12
7,0,7
4,0,4
4,0,4
2,0,2
5,0,5
3,0,3
3,0,3
6,0,6
3,0,3
4,0,4
3,0,3
11,0,11
11,0,11
2,0,2
2,0,2
29,0,29
6,0,6
3,0,3
3,0,3
6,0,6
3,0,3
2,0,2
3,0,3
2,0,2
4,0,4
4,0,4
3,0,3
2,0,2
3,0,3
2,0,2
3,0,3
7,31,38
3,0,3
31,0,31
3,0,3
6,0,6
2,0,2
3,0,3
3,0,3
6,0,6
3,0,3
6,28,34
14,0,14
6,0,6
4,0,4
3,0,3
4,0,4
3,0,3
2,0,2
5,0,5
13,0,13
9,0,9
27,0,27
2,0,2
4,0,4
5,0,5
2,0,2
3,0,3
15,0,15
2,0,2
9,0,9
2,0,2
2,0,2
2,0,2
3,0,3
4,0,4
4,0,4
6,0,6
2,0,2
171,238,409
8,0,8
3,0,3
3,0,3
10,0,10
3,0,3
3,0,3
3,0,3
2,0,2
2,0,2
2,0,2
4,0,4
5,0,5
3,0,3
2,0,2
47,0,47
5,0,5
2,0,2
3,0,3
6,0,6
7,0,7
10,0,10
2,0,2
15,0,15
3,0,3
106,0,106
11,0,11
4,0,4
2,0,2
3,0,3
2,0,2
8,0,8
12,0,12
2,0,2
14,0,14
5,0,5
2,0,2
30,0,30
2,0,2
6,0,6
173,43,216
2,0,2
6,0,6
2,0,2
4,0,4
3,0,3
3,0,3
2,0,2
4,0,4
3,0,3
3,0,3
2,0,2
3,0,3
4,0,4
2,0,2
5,0,5
2,0,2
13,0,13
2,0,2
2,0,2
5,0,5
6,0,6
8,0,8
2,0,2
3,0,3
4,0,4
6,0,6
3,0,3
4,0,4
2,0,2
2,0,2
2,0,2
4,0,4
3,0,3
7,0,7
8,0,8
2,0,2
2,0,2
3,0,3
177,326,503
8,0,8
3,0,3
2,0,2
15,0,15
7,0,7
3,0,3
3,0,3
5,0,5
4,0,4
8,0,8
2,0,2
7,0,7
6,0,6
2,0,2
19,0,19
28,186,214
3,0,3
9,0,9
3,0,3
2,0,2
2,0,2
4,0,4
2,0,2
3,0,3
3,0,3
2,0,2
4,0,4
2,0,2
58,721,779
3,0,3
3,0,3
8,0,8
45,0,45
3,0,3
2,0,2
5,0,5
2,0,2
2,0,2
4,0,4
2,0,2
2,0,2
3,0,3
2,0,2
3,0,3
3,0,3
2,0,2
2,0,2
2,0,2
3,0,3
4,0,4
3,0,3
3,0,3
2,0,2
30,0,30
2,0,2
5,0,5
2,0,2
10,0,10
2,0,2
3,0,3
3,0,3
2,0,2
5,52,57
2,0,2
30,0,30
2,0,2
3,0,3
172,29,201
3,0,3
9,0,9
3,0,3
5,0,5
6,0,6
3,0,3
2,0,2
3,0,3
4,0,4
2,0,2
9,0,9
8,0,8
7,0,7
4,269,273
3,0,3
2,0,2
3,0,3
11,0,11
15,0,15
3,0,3
3,0,3
3,0,3
5,0,5
6,0,6
2,0,2
6,0,6
2,0,2
4,0,4
3,0,3
4,0,4
9,0,9
2,0,2
10,0,10
14,75,89
2,0,2
7,0,7
4,0,4
2,0,2
3,0,3
3,0,3
14,0,14
3,0,3
7,0,7
4,0,4
3,0,3
5,0,5
3,0,3
3,0,3
3,0,3
33,0,33
8,0,8
6,0,6
3,0,3
4,0,4
15,95,110
3,0,3
3,0,3
171,16,187
3,0,3
2,0,2
2,0,2
3,0,3
7,0,7
5,0,5
10,0,10
4,0,4
7,0,7
7,0,7
2,0,2
2,0,2
3,0,3
171,261,432
6,0,6
2,0,2
3,0,3
3,0,3
3,0,3
4,0,4
2,0,2
6,0,6
42,0,42
6,0,6
2,0,2
3,0,3
6,0,6
170,309,479
5,0,5
3,0,3
3,0,3
2,0,2
3,0,3
2,0,2
3,0,3
6,0,6
3,0,3
4,0,4
24,0,24
4,0,4
4,0,4
3,0,3
2,0,2
3,0,3
14,0,14
4,0,4
4,0,4
10,0,10
172,488,660
2,0,2
7,0,7
2,0,2
6,0,6
3,0,3
8,0,8
2,0,2
2,0,2
3,0,3
3,0,3
2,0,2
171,247,418
3,0,3
3,0,3
3,0,3
2,0,2
2,0,2
6,0,6
9,0,9
2,0,2
12,0,12
3,0,3
3,0,3
2,0,2
4,0,4
3,0,3
3,0,3
4,0,4
4,0,4
30,0,30
16,0,16
26,0,26
3,0,3
2,0,2
3,0,3
4,0,4
4,0,4
2,0,2
4,0,4
2,0,2
2,0,2
3,0,3
5,0,5
8,0,8
10,0,10
8,0,8
3,0,3
3,0,3
3,0,3
3,0,3
2,0,2
2,0,2
5,0,5
30,0,30
3,0,3
9,0,9
8,0,8
2,0,2
3,0,3
5,0,5
3,0,3
2,0,2
3,0,3
11,0,11
3,0,3
3,0,3
2,0,2
2,32,34
3,0,3
12,0,12
3,0,3
2,0,2
3,0,3
2,0,2
3,0,3
3,0,3
37,0,37
8,0,8
4,0,4
3,0,3
3,0,3
2,0,2
3,0,3
6,0,6
4,0,4
11,0,11
2,0,2
2,0,2
9,0,9
3,0,3
10,0,10
4,0,4
4,0,4
7,0,7
3,0,3
3,0,3
24,0,24
3,0,3
8,0,8
11,92,103
3,0,3
2,0,2
5,0,5
3,0,3
3,0,3
9,0,9
6,0,6
15,0,15
12,0,12
2,0,2
3,0,3
3,0,3
5,0,5
13,0,13
5,0,5
3,0,3
5,0,5
8,0,8
9,0,9
2,0,2
26,0,26
2,0,2
2,0,2
4,0,4
6,0,6
3,0,3
17,0,17
4,0,4
2,0,2
6,0,6
3,0,3
9,0,9
9,0,9
8,0,8
7,0,7
2,0,2
4,0,4
6,0,6
8,0,8
3,0,3
3,0,3
11,0,11
44,0,44
23,0,23
5,0,5
3,0,3
2,0,2
30,0,30
3,0,3
4,0,4
2,0,2
5,0,5
3,0,3
4,0,4
5,0,5
2,0,2
3,0,3
170,236,406
2,0,2
2,0,2
2,0,2
17,0,17
3,0,3
3,0,3
4,0,4
3,0,3
7,0,7
2,0,2
3,0,3
2,0,2
13,0,13
3,0,3
2,0,2
4,0,4
5,0,5
3,0,3
2,0,2
8,0,8
3,0,3
5,0,5
2,0,2
8,0,8
4,0,4
4,0,4
2,0,2
2,0,2
4,0,4
15,0,15
6,0,6
3,0,3
8,0,8
3,0,3
4,0,4
3,0,3
2,0,2
3,0,3
4,0,4
2,0,2
30,0,30
3,0,3
3,0,3
3,0,3
6,0,6
9,0,9
8,0,8
6,0,6
2,0,2
14,0,14
170,307,477
19,0,19
4,0,4
4,0,4
8,0,8
170,237,407
2,0,2
173,564,737
2,0,2
5,0,5
171,29,200
3,0,3
2,0,2
3,0,3
3,0,3
33,0,33
4,0,4
3,0,3
5,0,5
3,0,3
2,0,2
12,0,12
4,0,4
7,0,7
34,0,34
2,0,2
4,0,4
5,0,5
10,0,10
5,0,5
40,0,40
3,0,3
5,0,5
2,0,2
5,0,5
2,0,2
4,0,4
2,0,2
2,0,2
4,0,4
3,0,3
2,0,2
3,0,3
9,0,9
3,0,3
3,0,3
3,0,3
3,0,3
2,0,2
9,0,9
3,0,3
3,0,3
4,0,4
32,0,32
5,0,5
3,0,3
3,0,3
3,0,3
3,0,3
2,0,2
170,267,437
2,0,2
2,0,2
6,0,6
172,81,253
4,0,4
2,0,2
7,0,7
3,0,3
3,0,3
11,0,11
3,0,3
3,0,3
3,0,3
5,0,5
3,0,3
170,229,399
3,0,3
4,0,4
2,0,2
4,0,4
3,0,3
30,0,30
3,0,3
4,0,4
8,0,8
3,0,3
4,0,4
3,0,3
8,0,8
3,0,3
2,0,2
2,0,2
5,0,5
13,0,13
4,319,323
5,0,5
3,0,3
3,0,3
181,451,632
8,0,8
32,376,408
2,0,2
33,19,52
3,0,3
6,0,6
3,0,3
5,0,5
2,0,2
4,0,4
2,0,2
4,0,4
3,0,3
3,0,3
27,0,27
2,0,2
2,0,2
33,0,33
4,0,4
4,0,4
5,0,5
3,0,3
4,0,4
4,0,4
2,0,2
3,0,3
3,0,3
3,0,3
3,0,3
22,0,22
3,0,3
2,0,2
12,304,316
174,278,452
19,0,19
2,0,2
5,362,367
3,0,3
4,0,4
30,0,30
9,0,9
4,0,4
3,0,3
30,0,30
7,0,7
10,0,10
5,0,5
8,0,8
6,0,6
9,0,9
6,0,6
5,0,5
5,0,5
3,0,3
4,0,4
3,0,3
5,1393,1398
52,153,205
2,0,2
3,0,3
3,0,3
2,0,2
11,0,11
9,0,9
2,0,2
3,0,3
2,0,2
3,0,3
2,0,2
3,0,3
6,0,6
17,0,17
5,0,5
32,0,32
8,0,8
4,0,4
7,0,7
9,0,9
4,0,4
81,10,91
3,0,3
6,0,6
30,0,30
13,0,13
3,0,3
23,0,23
6,0,6
8,0,8
3,0,3
3,0,3
3,0,3
5,0,5
2,0,2
3,0,3
4,0,4
3,0,3
2,0,2
47,0,47
170,358,528
2,0,2
5,0,5
3,0,3
4,0,4
3,0,3
14,0,14
7,0,7
19,0,19
3,0,3
2,0,2
3,0,3
2,0,2
2,0,2
5,0,5
47,0,47
6,0,6
8,0,8
2,0,2
2,0,2
2,0,2
2,0,2
2,0,2
2,0,2
2,0,2
3,0,3
11,0,11
10,0,10
2,0,2
5,0,5
12,0,12
170,293,463
2,0,2
46,0,46
7,0,7
20,0,20
2,275,277
4,0,4
12,0,12
4,0,4
4,0,4
3,0,3
5,0,5
3,0,3
7,0,7
2,0,2
3,0,3
3,0,3
3,0,3
2,0,2
3,0,3
2,0,2
3,0,3
9,0,9
2,0,2
5,0,5
3,0,3
4,0,4
2,0,2
17,0,17
2,0,2
6,0,6
3,0,3
3,0,3
8,0,8
18,0,18
11,41,52
3,0,3
173,300,473
7,0,7
3,0,3
3,0,3
15,0,15
2,0,2
3,0,3
2,0,2
6,0,6
3,0,3
7,0,7
5,0,5
4,0,4
2,0,2
4,0,4
3,0,3
4,0,4
3,0,3
3,0,3
8,0,8
4,0,4
3,0,3
3,0,3
84,0,84
30,0,30
6,0,6
3,0,3
2,0,2
2,0,2
3,0,3
4,0,4
3,0,3
172,27,199
5,0,5
13,0,13
3,0,3
6,0,6
2,0,2
6,0,6
2,0,2
18,0,18
8,0,8
5,0,5
3,0,3
2,0,2
2,0,2
3,0,3
2,0,2
2,0,2
3,0,3
4,0,4
2,0,2
5,0,5
3,0,3
3,0,3
3,0,3
3,0,3
2,0,2
170,258,428
2,0,2
3,0,3
5,0,5
4,0,4
5,0,5
3,0,3
3,0,3
5,0,5
33,0,33
2,0,2
52,0,52
2,0,2
3,0,3
5,0,5
3,0,3
3,0,3
3,0,3
193,39,232
12,0,12
3,0,3
4,0,4
5,0,5
2,0,2
4,0,4
3,0,3
4,0,4
2,0,2
5,0,5
6,0,6
3,0,3
2,0,2
3,0,3
4,0,4
3,0,3
40,0,40
3,0,3
12,0,12
3,0,3
3,0,3
9,0,9
3,0,3
4,0,4
2,0,2
12,0,12
15,0,15
3,0,3
2,0,2
55,0,55
3,0,3
170,341,511
3,0,3
3,0,3
2,0,2
30,0,30
2,0,2
2,0,2
2,0,2
3,0,3
8,0,8
2,0,2
3,0,3
3,0,3
4,0,4
6,0,6
8,23,31
3,0,3
172,572,744
4,0,4
2,0,2
3,0,3
7,0,7
20,69,89
2,0,2
2,0,2
3,0,3
4,0,4
2,0,2
4,0,4
2,0,2
6,0,6
3,0,3
3,0,3
4,0,4
6,0,6
2,0,2
4,0,4
7,0,7
3,0,3
8,0,8
5,0,5
4,0,4
2,0,2
2,0,2
3,0,3
3,0,3
9,0,9
171,451,622
4,0,4
4,0,4
6,0,6
8,0,8
3,0,3
4,0,4
4,0,4
5,0,5
8,0,8
4,0,4
8,0,8
31,0,31
4,0,4
4,0,4
3,0,3
3,0,3
3,0,3
3,0,3
3,0,3
3,0,3
4,0,4
2,0,2
6,0,6
4,0,4
2,0,2
6,0,6
189,3,192
2,0,2
2,0,2
2,0,2
4,0,4
9,0,9
30,0,30
6,0,6
30,0,30
5,0,5
9,0,9
3,0,3
2,0,2
8,12,20
32,0,32
4,0,4
3,0,3
7,0,7
3,0,3
5,0,5
3,0,3
4,0,4
4,0,4
3,0,3
5,0,5
4,0,4
3,0,3
3,0,3
2,0,2
9,0,9
6,0,6
4,0,4
3,0,3
3,0,3
2,0,2
3,0,3
3,0,3
7,0,7
5,0,5
8,0,8
171,380,551
2,0,2
5,0,5
3,0,3
3,0,3
3,0,3
2,0,2
3,0,3
3,0,3
2,0,2
7,0,7
10,0,10
6,0,6
2,0,2
36,0,36
5,0,5
28,0,28
6,0,6
4,0,4
3,0,3
2,0,2
3,0,3
2,0,2
7,0,7
7,0,7
8,0,8
15,0,15
3,0,3
11,0,11
26,0,26
3,0,3
2,0,2
2,0,2
4,0,4
2,0,2
5,0,5
8,0,8
9,0,9
6,0,6
43,0,43
7,0,7
2,0,2
2,0,2
4,0,4
11,0,11
3,0,3
3,0,3
6,0,6
2,0,2
7,0,7
3,0,3
2,0,2
3,0,3
2,0,2
6,0,6
34,143,177
2,0,2
7,0,7
4,0,4
2,0,2
5,0,5
3,0,3
6,0,6
2,0,2
6,0,6
2,0,2
3,0,3
3,0,3
3,0,3
3,0,3
3,0,3
2,0,2
3,0,3
4,0,4
2,0,2
6,0,6
2,0,2
6,0,6
3,0,3
3,0,3
5,0,5
2,0,2
3,0,3
30,0,30
8,0,8
3,0,3
3,0,3
4,0,4
38,334,372
5,0,5
13,0,13
3,0,3
13,0,13
4,0,4
3,0,3
3,0,3
5,0,5
2,0,2
5,0,5
4,0,4
3,0,3
2,0,2
17,0,17
3,0,3
3,0,3
34,0,34
15,19,34
4,0,4
3,0,3
5,0,5
5,0,5
2,0,2
2,0,2
2,0,2
9,0,9
4,0,4
7,0,7
32,0,32
8,0,8
6,0,6
3,0,3
5,0,5
5,0,5
3,0,3
3,0,3
8,0,8
3,0,3
2,0,2
3,0,3
4,0,4
5,0,5
2,0,2
2,0,2
3,0,3
2,0,2
3,0,3
2,0,2
4,0,4
4,0,4
3,0,3
2,0,2
5,0,5
8,0,8
2,0,2
8,0,8
8,0,8
9,67,76
3,0,3
6,0,6
6,0,6
3,7,10
2,0,2
4,0,4
2,0,2
3,0,3
4,121,125
3,0,3
6,0,6
2,0,2
4,0,4
7,0,7
22,0,22
2,0,2
4,38,42
5,0,5
6,0,6
6,0,6
2,0,2
4,6,10
5,0,5
2,0,2
5,0,5
6,77,83
3,0,3
5,7,12
3,397,400
5,10,15
7,0,7
7,0,7
6,0,6
5,0,5
5,0,5
3,0,3
6,0,6
6,0,6
3,0,3
5,0,5
3,0,3
3,0,3
2,0,2
18,0,18
2,9,11
6,0,6
4,224,228
4,0,4
2,0,2
3,0,3
42,0,42
5,0,5
2,0,2
5,0,5
8,0,8
12,0,12
5,0,5
12,18,30
19,316,335
3,0,3
5,0,5
16,0,16
6,0,6
2,0,2
8,0,8
15,278,293
8,0,8
27,0,27
4,46,50
4,0,4
2,0,2
2,0,2
182,284,466
2,0,2
2,0,2
4,0,4
2,0,2
4,34,38
11,0,11
3,0,3
5,8,13
2,0,2
12,0,12
2,0,2
2,0,2
6,0,6
8,0,8
15,0,15
6,0,6
8,0,8
16,351,367
14,47,61
9,28,37
10,61,71
3,0,3
7,0,7
24,526,550
16,0,16
4,0,4
5,0,5
2,0,2
2,0,2
3,0,3
4,0,4
6,0,6
2,0,2
4,0,4
2,0,2
5,0,5
2,0,2
4,0,4
7,15,22
5,0,5
6,0,6
3,0,3
7,0,7
6,0,6
2,0,2
9,0,9
2,0,2
2,0,2
6,0,6
4,0,4
2,0,2
5,300,305
3,0,3
3,5,8
7,0,7
16,40,56
2,0,2
9,0,9
6,0,6
4,0,4
3,0,3
2,0,2
2,0,2
2,0,2
13,27,40
3,0,3
3,0,3
2,0,2
5,0,5
4,0,4
7,0,7
2,0,2
2,0,2
5,0,5
4,0,4
5,0,5
7,57,64
2,0,2
5,0,5
2,0,2
5,0,5
6,0,6
3,0,3
2,0,2
4,0,4
2,0,2
6,0,6
6,0,6
2,0,2
18,18,36
2,0,2
5,15,20
5,0,5
11,196,207
6,192,198
3,0,3
2,35,37
3,0,3
9,0,9
4,0,4
17,16,33
12,0,12
4,0,4
5,0,5
2,0,2
2,0,2
2,0,2
2,88,90
2,0,2
7,0,7
5,0,5
2,0,2
6,0,6
4,0,4
7,0,7
2,0,2
5,0,5
3,0,3
4,0,4
14,25,39
2,0,2
5,9,14
4,0,4
3,0,3
7,0,7
3,0,3
2,0,2
4,0,4
5,0,5
6,0,6
6,0,6
4,8,12
5,0,5
4,0,4
3,78,81
4,0,4
8,0,8
6,0,6
21,0,21
5,0,5
5,0,5
18,22,40
3,0,3
3,0,3
2,0,2
10,0,10
12,18,30
2,0,2
13,0,13
2,0,2
2,0,2
4,0,4
2,0,2
8,0,8
2,0,2
7,0,7
7,0,7
2,0,2
2,0,2
5,0,5
6,0,6
10,0,10
2,0,2
4,0,4
2,5,7
4,0,4
14,0,14
9,19,28
5,282,287
20,16,36
3,0,3
3,0,3
16,99,115
2,0,2
10,0,10
4,0,4
3,0,3
2,0,2
12,0,12
7,0,7
2,0,2
7,0,7
5,0,5
2,0,2
3,0,3
4,0,4
6,0,6
5,0,5
5,0,5
4,0,4
5,0,5
17,0,17
5,0,5
8,0,8
3,0,3
27,351,378
5,0,5
7,0,7
3,0,3
3,0,3
6,0,6
11,0,11
14,0,14
6,0,6
6,0,6
2,0,2
9,47,56
9,0,9
4,0,4
5,0,5
4,0,4
4,0,4
2,0,2
2,0,2
10,0,10
16,0,16
27,755,782
12,0,12
5,0,5
8,0,8
14,23,37
2,0,2
13,0,13
4,0,4
9,25,34
4,0,4
6,35,41
8,0,8
2,0,2
16,18,34
2,0,2
8,0,8
2,0,2
5,0,5
5,0,5
3,0,3
5,0,5
2,0,2
5,0,5
2,0,2
4,0,4
4,0,4
5,0,5
2,0,2
3,0,3
5,0,5
2,19,21
2,0,2
9,299,308
7,0,7
2,0,2
3,0,3
2,0,2
15,0,15
6,0,6
3,0,3
7,0,7
3,0,3
12,13,25
5,0,5
2,0,2
3,0,3
19,0,19
3,0,3
2,0,2
7,0,7
4,0,4
3,0,3
3,0,3
5,0,5
5,0,5
2,0,2
2,0,2
17,0,17
2,0,2
2,0,2
2,0,2
3,0,3
2,0,2
4,0,4
2,0,2
2,0,2
2,0,2
9,0,9
3,0,3
2,0,2
2,0,2
4,0,4
2,0,2
2,0,2
2,0,2
2,0,2
2,0,2
2,0,2
2,0,2
4,0,4
2,0,2
2,0,2
2,0,2
2,0,2
3,0,3
2,0,2
2,0,2
2,0,2
5,0,5
9,0,9
4,0,4
2,0,2
2,0,2
3,0,3
2,0,2
2,0,2
5,0,5
4,0,4
2,0,2
2,0,2
2,0,2
2,0,2
2,0,2
2,0,2
2,0,2
2,0,2
4,0,4
3,0,3
3,189,192
2,0,2
2,0,2
3,0,3
2,0,2
5,0,5
2,0,2
8,0,8
2,0,2
5,0,5
2,0,2
6,0,6
3,0,3
2,0,2
2,0,2
4,0,4
2,0,2
5,0,5
3,0,3
2,0,2
3,0,3
2,0,2
2,0,2
3,0,3
4,0,4
5,0,5
2,0,2
3,0,3
2,0,2
2,0,2
2,0,2
3,0,3
2,0,2
4,0,4
4,0,4
2,0,2
2,0,2
3,0,3
2,0,2
3,0,3
2,0,2
2,0,2
3,0,3
3,0,3
5,0,5
5,0,5
2,0,2
2,0,2
2,0,2
6,0,6
4,0,4
2,0,2
2,0,2
9,0,9
2,0,2
4,0,4
2,0,2
2,0,2
2,0,2
2,0,2
8,0,8
5,0,5
2,0,2
2,0,2
2,0,2
5,0,5
2,0,2
5,0,5
2,0,2
2,0,2
2,0,2
2,0,2
5,0,5
3,0,3
2,0,2
2,0,2
2,0,2
2,0,2
3,0,3
2,0,2
2,0,2
4,0,4
5,0,5
3,0,3
3,0,3
2,0,2
3,0,3
5,0,5
3,0,3
2,0,2
2,0,2
4,0,4
3,0,3
2,0,2
2,0,2
2,0,2
4,0,4
6,0,6
2,0,2
2,0,2
2,0,2
5,0,5
2,0,2
5,0,5
5,0,5
4,0,4
2,0,2
3,0,3
5,0,5
2,0,2
3,0,3
3,0,3
5,0,5
2,0,2
2,0,2
4,0,4
3,0,3
8,0,8
2,0,2
2,0,2
2,0,2
2,0,2
5,0,5
4,0,4
2,0,2
2,0,2
3,0,3
2,0,2
2,0,2
2,0,2
2,0,2
3,0,3
3,0,3
2,0,2
2,0,2
2,0,2
2,0,2
2,0,2
3,0,3
4,0,4
3,0,3
2,0,2
2,0,2
4,0,4
4,0,4
2,0,2
4,0,4
2,0,2
2,0,2
4,0,4
2,0,2
5,0,5
4,0,4
2,0,2
4,0,4
2,0,2
6,0,6
3,0,3
4,0,4
4,0,4
2,0,2
2,0,2
2,0,2
4,0,4
2,0,2
2,0,2
2,0,2
2,0,2
2,0,2
5,0,5
2,0,2
5,0,5
2,0,2
2,0,2
6,0,6
5,0,5
3,0,3
3,0,3
2,0,2
2,0,2
2,0,2
4,0,4
5,0,5
3,0,3
5,0,5
2,0,2
2,0,2
2,0,2
5,0,5
2,0,2
2,0,2
2,0,2
5,0,5
5,0,5
2,0,2
3,0,3
12,0,12
2,0,2
4,0,4
4,0,4
2,0,2
2,0,2
9,0,9
4,0,4
3,0,3
2,0,2
5,0,5
2,0,2
2,0,2
2,0,2
2,0,2
2,0,2
4,0,4
3,0,3
7,0,7
3,0,3
2,0,2
2,0,2
5,0,5
3,0,3
3,0,3
5,0,5
4,0,4
4,0,4
5,0,5
2,0,2
3,0,3
2,0,2
2,0,2
2,0,2
5,0,5
2,0,2
2,0,2
3,0,3
2,0,2
2,0,2
2,0,2
2,0,2
7,0,7
3,0,3
2,0,2
3,0,3
4,0,4
2,0,2
2,0,2
5,0,5
2,0,2
3,0,3
2,0,2
5,0,5
2,0,2
4,0,4
2,0,2
2,0,2
3,0,3
2,0,2
2,0,2
3,0,3
5,0,5
2,0,2
2,0,2
2,0,2
2,0,2
5,0,5
4,0,4
2,0,2
2,0,2
2,0,2
2,0,2
5,0,5
2,0,2
10,0,10
2,0,2
2,0,2
2,0,2
2,0,2
4,0,4
3,0,3
2,0,2
5,0,5
2,0,2
4,0,4
5,0,5
3,0,3
2,0,2
2,0,2
4,0,4
2,0,2
2,0,2
2,0,2
3,0,3
2,0,2
4,0,4
2,0,2
3,0,3
2,0,2
2,0,2
54,0,54
2,0,2
3,0,3
2,0,2
2,0,2
2,0,2
2,0,2
3,0,3
2,0,2
3,0,3
5,0,5
3,0,3
2,0,2
2,0,2
2,0,2
2,0,2
2,0,2
2,0,2
2,0,2
2,0,2
5,0,5
5,0,5
4,0,4
3,0,3
4,0,4
2,0,2
2,0,2
2,0,2
3,0,3
3,0,3
2,0,2
6,0,6
2,0,2
2,0,2
5,0,5
3,0,3
4,0,4
3,0,3
2,0,2
3,0,3
2,0,2
22,0,22
2,0,2
4,0,4
4,0,4
2,0,2
3,0,3
16,0,16
2,0,2
2,0,2
2,0,2
2,0,2
4,0,4
2,0,2
5,0,5
2,0,2
5,0,5
3,0,3
2,0,2
2,0,2
15,0,15
4,0,4
2,0,2
2,0,2
5,0,5
2,0,2
2,0,2
3,0,3
4,0,4
2,0,2
2,0,2
2,0,2
2,0,2
2,0,2
2,0,2
2,0,2
2,0,2
2,0,2
2,0,2
7,63,70
5,0,5
3,0,3
5,0,5
2,0,2
2,0,2
2,0,2
2,0,2
3,0,3
2,0,2
3,0,3
2,0,2
5,0,5
3,0,3
3,0,3
2,0,2
2,0,2
2,0,2
4,0,4
2,0,2
3,0,3
2,0,2
2,0,2
2,0,2
2,0,2
2,0,2
2,0,2
2,0,2
2,0,2
5,0,5
2,0,2
2,0,2
6,0,6
2,0,2
2,0,2
2,0,2
2,0,2
2,0,2
2,0,2
2,0,2
4,0,4
2,0,2
3,0,3
2,0,2
2,0,2
2,0,2
2,0,2
4,0,4
3,0,3
4,0,4
2,0,2
2,0,2
3,0,3
2,0,2
2,0,2
2,0,2
2,0,2
5,0,5
2,0,2
2,0,2
5,0,5
5,0,5
7,82,89
2,0,2
3,0,3
2,0,2
3,0,3
9,0,9
5,0,5
2,0,2
2,0,2
2,0,2
2,0,2
4,0,4
2,0,2
2,0,2
6,0,6
4,0,4
2,0,2
4,0,4
2,0,2
6,0,6
2,0,2
2,0,2
2,0,2
2,0,2
4,0,4
4,0,4
2,0,2
2,0,2
2,0,2
2,0,2
2,0,2
5,0,5
3,0,3
5,0,5
2,0,2
2,0,2
2,0,2
2,0,2
5,0,5
4,0,4
2,0,2
3,0,3
2,0,2
2,0,2
2,0,2
3,0,3
3,0,3
2,0,2
2,0,2
2,0,2
5,0,5
5,0,5
5,0,5
4,0,4
6,0,6
2,0,2
4,0,4
2,0,2
3,0,3
3,0,3
2,0,2
4,0,4
3,0,3
2,0,2
2,0,2
2,0,2
2,0,2
4,0,4
2,0,2
3,0,3
2,0,2
2,0,2
2,0,2
2,0,2
2,0,2
3,0,3
2,0,2
5,0,5
3,0,3
3,0,3
4,0,4
2,0,2
4,0,4
5,0,5
2,0,2
2,0,2
2,0,2
2,0,2
2,0,2
2,0,2
5,0,5
2,0,2
2,0,2
4,0,4
2,0,2
2,0,2
3,0,3
5,0,5
4,0,4
4,0,4
5,0,5
4,0,4
2,0,2
5,0,5
2,0,2
2,0,2
2,0,2
2,0,2
2,0,2
4,0,4
2,0,2
2,0,2
5,0,5
5,0,5
2,0,2
2,0,2
2,0,2
2,0,2
4,0,4
4,0,4
2,0,2
5,0,5
4,0,4
2,0,2
2,0,2
2,0,2
2,0,2
2,0,2
5,0,5
2,0,2
4,0,4
2,0,2
4,0,4
2,0,2
4,0,4
3,0,3
5,0,5
3,0,3
2,0,2
2,0,2
3,0,3
2,0,2
2,0,2
2,0,2
2,0,2
6,0,6
7,0,7
5,0,5
2,0,2
3,0,3
2,0,2
2,0,2
5,0,5
3,0,3
4,0,4
2,0,2
3,0,3
2,0,2
3,0,3
4,0,4
4,0,4
2,0,2
4,0,4
5,0,5
3,0,3
2,0,2
2,0,2
3,0,3
3,0,3
2,0,2
2,0,2
4,0,4
2,0,2
2,0,2
5,0,5
5,0,5
9,0,9
2,0,2
2,0,2
2,0,2
2,0,2
2,0,2
2,0,2
3,0,3
4,0,4
5,0,5
2,0,2
2,0,2
2,0,2
2,0,2
3,0,3
5,0,5
2,0,2
2,0,2
2,0,2
2,0,2
2,0,2
3,0,3
4,0,4
2,0,2
2,0,2
3,0,3
3,0,3
2,0,2
3,0,3
2,0,2
3,0,3
2,0,2
2,0,2
4,0,4
3,0,3
6,0,6
2,0,2
3,0,3
2,0,2
2,0,2
4,0,4
2,0,2
2,0,2
2,0,2
2,0,2
5,0,5
2,0,2
3,0,3
9,0,9
4,0,4
5,0,5
5,0,5
2,0,2
6,0,6
2,0,2
3,0,3
7,0,7
6,0,6
2,0,2
5,0,5
2,0,2
3,0,3
2,0,2
6,0,6
2,0,2
2,0,2
2,0,2
2,0,2
2,0,2
2,0,2
2,0,2
2,0,2
4,0,4
5,0,5
2,0,2
2,0,2
2,0,2
2,0,2
3,0,3
3,0,3
5,0,5
5,0,5
4,0,4
2,0,2
5,0,5
3,0,3
2,0,2
3,0,3
3,0,3
5,0,5
2,0,2
5,0,5
4,0,4
3,0,3
2,0,2
2,0,2
2,0,2
4,0,4
4,0,4
2,0,2
4,0,4
2,0,2
2,0,2
2,0,2
2,0,2
2,0,2
2,0,2
2,0,2
2,0,2
2,0,2
3,0,3
2,0,2
4,0,4
3,0,3
2,0,2
2,0,2
2,0,2
4,0,4
5,35,40
2,0,2
2,0,2
2,0,2
3,0,3
2,0,2
2,0,2
4,0,4
4,0,4
2,0,2
6,0,6
4,0,4
2,0,2
2,0,2
3,0,3
2,0,2
2,0,2
4,0,4
2,0,2
3,0,3
2,0,2
3,0,3
3,0,3
3,0,3
2,0,2
2,0,2
5,0,5
3,0,3
2,0,2
2,0,2
2,0,2
2,0,2
3,0,3
2,0,2
4,0,4
2,0,2
2,0,2
2,0,2
4,0,4
5,0,5
3,0,3
4,0,4
2,0,2
5,0,5
2,0,2
2,0,2
3,0,3
2,0,2
3,0,3
2,0,2
5,0,5
5,0,5
2,0,2
3,0,3
5,0,5
4,0,4
2,0,2
2,0,2
2,0,2
4,0,4
5,0,5
2,0,2
2,0,2
3,0,3
4,0,4
2,0,2
5,0,5
3,258,261
2,0,2
2,0,2
2,0,2
4,0,4
4,0,4
2,0,2
2,0,2
2,0,2
5,0,5
4,0,4
4,0,4
2,0,2
5,0,5
9,0,9
8,0,8
2,0,2
3,0,3
5,0,5
2,0,2
4,0,4
5,0,5
3,0,3
2,0,2
2,0,2
2,0,2
2,0,2
2,0,2
2,0,2
2,0,2
2,0,2
5,0,5
2,0,2
2,0,2
2,0,2
2,0,2
8,0,8
2,0,2
3,0,3
2,0,2
4,0,4
4,0,4
2,0,2
2,0,2
5,0,5
2,0,2
4,0,4
2,0,2
2,0,2
3,0,3
2,0,2
2,0,2
2,0,2
8,0,8
4,0,4
2,0,2
2,0,2
2,0,2
3,0,3
2,0,2
2,0,2
2,0,2
4,0,4
2,0,2
2,0,2
5,0,5
2,0,2
3,0,3
5,0,5
2,0,2
4,0,4
1,211,212
2,0,2
5,0,5
2,0,2
5,0,5
4,0,4
2,0,2
11,0,11
2,0,2
3,0,3
2,0,2
5,0,5
2,0,2
2,0,2
3,0,3
6,0,6
5,0,5
2,0,2
3,0,3
2,0,2
2,0,2
2,0,2
3,0,3
5,0,5
3,0,3
5,0,5
2,0,2
2,0,2
11,0,11
4,0,4
2,0,2
2,0,2
3,0,3
3,0,3
2,0,2
2,0,2
4,0,4
2,0,2
2,0,2
2,0,2
4,0,4
2,0,2
2,0,2
3,0,3
3,0,3
4,0,4
2,0,2
2,0,2
3,0,3
2,0,2
4,0,4
4,0,4
2,0,2
4,0,4
2,0,2
5,0,5
5,0,5
4,0,4
2,0,2
4,0,4
2,0,2
2,0,2
2,0,2
2,0,2
2,0,2
2,0,2
6,0,6
2,0,2
2,0,2
3,0,3
3,0,3
2,0,2
2,0,2
2,0,2
2,0,2
5,0,5
5,0,5
2,0,2
2,0,2
2,0,2
2,0,2
5,0,5
4,0,4
2,0,2
2,0,2
2,0,2
2,0,2
2,0,2
2,0,2
6,0,6
5,0,5
3,0,3
2,0,2
4,0,4
2,0,2
2,0,2
2,0,2
3,0,3
5,0,5
2,0,2
2,0,2
2,0,2
2,0,2
2,0,2
2,0,2
2,0,2
2,0,2
2,0,2
2,0,2
4,0,4
2,0,2
2,0,2
4,0,4
2,0,2
2,0,2
2,0,2
2,0,2
2,0,2
4,0,4
4,0,4
5,0,5
2,0,2
5,0,5
2,0,2
2,0,2
3,0,3
2,0,2
2,0,2
5,0,5
2,0,2
2,0,2
2,0,2
5,0,5
5,0,5
4,0,4
5,0,5
2,0,2
3,0,3
2,0,2
2,0,2
3,0,3
5,0,5
5,0,5
2,0,2
2,0,2
5,0,5
2,0,2
2,0,2
4,0,4
2,0,2
2,0,2
4,0,4
3,0,3
4,0,4
5,0,5
2,0,2
4,0,4
2,0,2
3,0,3
2,0,2
2,0,2
2,0,2
4,0,4
4,0,4
4,0,4
2,0,2
10,0,10
2,0,2
2,0,2
4,0,4
5,0,5
3,0,3
2,0,2
4,0,4
2,0,2
5,0,5
2,0,2
5,0,5
2,0,2
2,0,2
2,0,2
3,0,3
2,0,2
2,0,2
2,0,2
2,0,2
2,0,2
5,0,5
2,0,2
2,0,2
3,0,3
2,0,2
2,0,2
2,0,2
4,0,4
2,0,2
3,0,3
2,0,2
2,0,2
5,0,5
2,0,2
2,0,2
2,0,2
2,0,2
2,0,2
5,0,5
5,0,5
3,0,3
3,0,3
2,0,2
2,0,2
5,0,5
2,0,2
2,0,2
2,0,2
2,0,2
8,0,8
2,0,2
2,0,2
2,0,2
2,0,2
3,0,3
2,0,2
2,0,2
2,0,2
2,0,2
2,0,2
2,0,2
6,0,6
4,18,22
2,0,2
3,0,3
3,0,3
2,0,2
2,0,2
2,0,2
5,0,5
3,0,3
3,0,3
2,0,2
2,0,2
2,0,2
2,0,2
4,0,4
3,0,3
5,0,5
3,0,3
2,0,2
5,0,5
2,0,2
4,0,4
2,0,2
3,0,3
2,0,2
2,0,2
2,0,2
2,0,2
4,0,4
6,0,6
2,0,2
2,0,2
3,0,3
2,0,2
2,0,2
5,0,5
2,0,2
2,0,2
2,0,2
2,0,2
4,0,4
2,0,2
2,0,2
2,0,2
2,0,2
3,0,3
2,0,2
2,0,2
2,0,2
2,0,2
2,0,2
4,0,4
4,0,4
4,0,4
5,0,5
2,0,2
3,0,3
6,0,6
2,0,2
3,0,3
5,0,5
2,0,2
3,0,3
5,0,5
4,0,4
2,0,2
3,0,3
2,0,2
2,0,2
5,0,5
3,0,3
2,0,2
2,0,2
2,0,2
2,0,2
2,0,2
2,0,2
4,0,4
2,0,2
3,0,3
2,0,2
5,0,5
3,0,3
2,0,2
2,0,2
2,0,2
2,0,2
5,0,5
2,0,2
2,0,2
3,0,3
2,0,2
2,0,2
2,0,2
5,0,5
2,0,2
2,0,2
2,0,2
2,0,2
2,0,2
2,0,2
2,0,2
2,0,2
2,0,2
2,0,2
3,0,3
2,0,2
2,0,2
5,0,5
3,0,3
2,0,2
2,0,2
2,0,2
3,0,3
2,0,2
5,0,5
2,0,2
5,0,5
4,0,4
2,0,2
2,0,2
2,0,2
5,0,5
3,0,3
3,0,3
2,0,2
4,0,4
3,0,3
2,0,2
2,0,2
3,0,3
5,0,5
2,0,2
2,0,2
2,0,2
6,0,6
2,0,2
4,0,4
4,0,4
2,0,2
3,0,3
3,0,3
2,0,2
2,0,2
5,0,5
5,0,5
3,0,3
2,0,2
3,0,3
4,0,4
2,0,2
4,0,4
2,0,2
2,0,2
2,0,2
2,0,2
2,0,2
2,0,2
2,0,2
2,0,2
2,0,2
3,0,3
3,0,3
2,0,2
5,0,5
2,0,2
5,0,5
12,0,12
2,0,2
7,0,7
2,0,2
2,0,2
2,0,2
4,0,4
2,0,2
2,0,2
3,0,3
4,0,4
2,0,2
7,0,7
2,0,2
2,0,2
2,0,2
2,0,2
3,0,3
2,0,2
2,0,2
3,0,3
4,0,4
2,0,2
2,0,2
4,0,4
2,0,2
2,0,2
2,0,2
2,0,2
2,0,2
2,0,2
2,0,2
5,0,5
2,0,2
3,0,3
2,0,2
2,0,2
3,0,3
8,0,8
4,0,4
3,0,3
3,0,3
2,0,2
2,0,2
3,0,3
2,0,2
3,0,3
2,0,2
2,0,2
5,0,5
2,0,2
2,0,2
2,0,2
5,0,5
3,0,3
2,0,2
5,0,5
2,0,2
2,0,2
2,0,2
2,0,2
3,0,3
3,0,3
2,0,2
2,0,2
2,0,2
2,0,2
2,0,2
2,0,2
5,0,5
2,0,2
2,0,2
5,0,5
10,0,10
2,0,2
2,0,2
2,0,2
5,0,5
2,0,2
2,0,2
2,0,2
3,0,3
2,0,2
2,0,2
2,0,2
2,0,2
2,0,2
3,0,3
2,0,2
6,0,6
5,0,5
2,0,2
3,0,3
2,0,2
2,0,2
2,0,2
6,0,6
2,0,2
2,0,2
3,0,3
4,0,4
2,0,2
4,0,4
5,0,5
4,0,4
2,0,2
2,0,2
2,0,2
11,0,11
2,0,2
2,0,2
2,0,2
2,0,2
2,0,2
2,0,2
2,0,2
7,0,7
3,0,3
2,0,2
2,0,2
2,0,2
3,0,3
2,0,2
5,0,5
2,0,2
2,0,2
2,0,2
5,0,5
2,0,2
3,0,3
2,0,2
3,0,3
4,0,4
2,0,2
2,0,2
2,0,2
2,0,2
4,0,4
5,0,5
2,0,2
2,0,2
2,0,2
3,0,3
2,0,2
2,0,2
2,0,2
2,0,2
5,0,5
4,0,4
2,0,2
2,0,2
4,0,4
2,0,2
5,0,5
2,0,2
5,0,5
2,0,2
5,0,5
6,0,6
2,0,2
2,0,2
2,0,2
2,0,2
2,0,2
4,0,4
5,0,5
4,0,4
5,0,5
3,0,3
4,0,4
3,0,3
5,0,5
3,0,3
2,0,2
6,0,6
2,0,2
2,0,2
2,0,2
4,0,4
2,0,2
3,0,3
4,0,4
3,0,3
2,0,2
2,0,2
2,0,2
2,0,2
2,0,2
5,0,5
2,0,2
2,0,2
2,0,2
5,0,5
9,0,9
5,0,5
2,0,2
2,0,2
5,0,5
2,0,2
3,35,38
3,0,3
2,0,2
11,0,11
2,0,2
2,0,2
2,0,2
2,0,2
2,0,2
2,0,2
2,0,2
2,0,2
2,0,2
2,0,2
4,0,4
2,0,2
2,0,2
2,0,2
5,0,5
5,0,5
8,0,8
3,0,3
4,0,4
2,0,2
5,0,5
6,0,6
2,0,2
2,0,2
4,0,4
2,0,2
4,0,4
3,0,3
2,0,2
2,0,2
3,0,3
2,0,2
2,0,2
3,0,3
4,0,4
2,0,2
2,0,2
2,0,2
2,0,2
3,0,3
2,0,2
5,0,5
2,0,2
2,0,2
2,0,2
2,0,2
2,0,2
2,0,2
5,0,5
4,0,4
2,0,2
2,0,2
15,0,15
2,0,2
3,0,3
2,0,2
2,0,2
4,0,4
3,0,3
4,0,4
4,0,4
5,0,5
3,0,3
5,0,5
3,0,3
2,0,2
5,0,5
2,0,2
2,0,2
2,0,2
2,0,2
2,0,2
2,0,2
2,0,2
2,0,2
2,0,2
2,0,2
2,0,2
2,0,2
2,0,2
3,0,3
2,0,2
4,0,4
2,0,2
2,0,2
4,0,4
2,0,2
4,0,4
7,0,7
5,0,5
6,0,6
3,0,3
4,0,4
2,0,2
2,0,2
11,0,11
2,0,2
2,0,2
2,0,2
2,0,2
2,0,2
2,0,2
3,0,3
2,0,2
2,0,2
3,0,3
2,0,2
3,0,3
4,0,4
3,0,3
2,0,2
3,0,3
2,0,2
2,0,2
2,0,2
2,0,2
2,0,2
4,0,4
4,0,4
2,0,2
2,0,2
4,0,4
2,0,2
2,0,2
2,0,2
2,0,2
3,0,3
2,0,2
2,0,2
2,0,2
2,0,2
2,0,2
4,0,4
3,0,3
3,0,3
4,0,4
2,0,2
3,0,3
2,0,2
2,0,2
5,0,5
2,0,2
5,0,5
5,0,5
2,0,2
2,0,2
2,0,2
2,0,2
2,0,2
3,0,3
2,0,2
2,0,2
2,0,2
2,0,2
8,20,28
2,0,2
2,0,2
2,0,2
2,0,2
26,0,26
2,0,2
3,0,3
3,0,3
4,0,4
3,0,3
3,0,3
5,0,5
4,0,4
2,0,2
2,0,2
2,0,2
5,0,5
2,0,2
8,0,8
2,0,2
4,0,4
4,0,4
2,0,2
2,0,2
2,0,2
2,0,2
5,0,5
6,0,6
2,0,2
2,0,2
2,0,2
3,0,3
2,0,2
2,0,2
2,0,2
7,0,7
2,0,2
4,0,4
4,0,4
2,0,2
10,0,10
2,0,2
6,0,6
4,0,4
2,0,2
2,0,2
4,0,4
2,0,2
2,0,2
2,0,2
2,0,2
2,0,2
5,0,5
4,0,4
2,0,2
4,0,4
2,0,2
2,0,2
2,0,2
2,0,2
4,0,4
2,0,2
2,0,2
5,0,5
4,0,4
2,0,2
2,0,2
2,0,2
2,0,2
2,0,2
5,0,5
4,0,4
2,0,2
2,0,2
2,0,2
3,0,3
4,0,4
2,0,2
3,0,3
4,0,4
2,0,2
4,0,4
2,0,2
5,0,5
2,0,2
3,0,3
2,0,2
3,0,3
2,0,2
2,0,2
2,0,2
3,0,3
4,0,4
5,0,5
2,0,2
4,0,4
3,0,3
4,0,4
2,0,2
3,0,3
2,0,2
2,0,2
2,0,2
5,0,5
2,0,2
2,0,2
2,0,2
5,0,5
4,0,4
5,0,5
2,0,2
2,0,2
2,0,2
2,0,2
2,0,2
4,0,4
3,0,3
2,0,2
2,0,2
2,0,2
2,0,2
2,0,2
3,0,3
2,0,2
4,0,4
4,0,4
2,0,2
2,0,2
3,0,3
5,0,5
8,0,8
3,0,3
2,0,2
2,0,2
3,0,3
3,0,3
3,0,3
7,0,7
2,0,2
4,0,4
2,0,2
2,0,2
3,0,3
2,0,2
4,0,4
5,0,5
4,0,4
4,0,4
2,0,2
3,0,3
4,0,4
2,0,2
3,0,3
2,0,2
4,0,4
2,0,2
2,0,2
2,0,2
2,0,2
2,0,2
2,0,2
3,0,3
4,0,4
2,0,2
2,0,2
7,0,7
2,0,2
5,0,5
2,0,2
3,0,3
2,0,2
2,0,2
2,0,2
2,0,2
2,0,2
3,0,3
5,0,5
5,0,5
2,0,2
2,0,2
2,0,2
2,0,2
2,0,2
2,0,2
4,0,4
2,0,2
2,0,2
3,0,3
5,0,5
3,0,3
3,0,3
2,0,2
5,0,5
2,0,2
2,0,2
2,0,2
4,0,4
3,0,3
6,0,6
2,0,2
6,0,6
2,0,2
2,0,2
2,0,2
2,0,2
3,0,3
2,0,2
2,0,2
3,0,3
5,0,5
2,0,2
2,0,2
4,0,4
3,0,3
3,0,3
2,0,2
2,0,2
2,0,2
2,0,2
4,0,4
5,0,5
2,0,2
4,0,4
4,0,4
5,0,5
2,0,2
2,0,2
11,0,11
5,0,5
2,0,2
2,0,2
2,0,2
4,0,4
2,0,2
5,0,5
2,0,2
2,0,2
2,0,2
2,0,2
4,0,4
6,0,6
13,0,13
2,0,2
2,0,2
2,0,2
6,0,6
2,0,2
5,0,5
5,0,5
2,0,2
4,0,4
2,0,2
2,0,2
2,0,2
3,0,3
2,0,2
2,0,2
3,0,3
2,0,2
3,0,3
2,0,2
3,0,3
4,0,4
5,0,5
3,0,3
2,0,2
2,0,2
2,0,2
4,0,4
2,0,2
4,0,4
2,0,2
2,0,2
3,0,3
2,0,2
2,0,2
3,0,3
2,0,2
2,0,2
5,0,5
2,0,2
5,0,5
2,0,2
2,0,2
3,0,3
2,0,2
4,0,4
6,0,6
2,0,2
7,0,7
3,0,3
2,0,2
2,0,2
4,0,4
2,0,2
2,0,2
8,0,8
4,0,4
4,0,4
5,0,5
2,0,2
3,0,3
3,0,3
4,0,4
2,0,2
2,0,2
2,0,2
4,0,4
2,0,2
2,0,2
2,0,2
4,0,4
2,0,2
2,0,2
4,0,4
4,0,4
3,0,3
2,0,2
2,0,2
2,0,2
2,0,2
3,0,3
3,0,3
2,0,2
5,0,5
3,0,3
2,0,2
3,0,3
2,0,2
2,0,2
2,0,2
3,0,3
2,0,2
2,0,2
4,0,4
2,0,2
2,0,2
2,0,2
2,0,2
6,0,6
3,0,3
2,0,2
2,0,2
3,0,3
2,0,2
4,0,4
5,119,124
5,0,5
3,0,3
3,0,3
5,0,5
3,0,3
2,0,2
2,0,2
3,0,3
4,0,4
2,0,2
3,0,3
5,0,5
4,0,4
2,0,2
2,0,2
3,0,3
2,0,2
2,0,2
2,0,2
9,0,9
5,0,5
2,0,2
3,0,3
2,0,2
4,0,4
3,0,3
2,0,2
2,0,2
4,0,4
2,0,2
3,0,3
3,0,3
5,0,5
2,0,2
5,0,5
3,0,3
4,0,4
4,0,4
2,0,2
3,0,3
2,0,2
2,0,2
2,0,2
3,0,3
3,0,3
2,0,2
4,0,4
6,0,6
4,0,4
2,0,2
3,0,3
2,0,2
3,0,3
2,0,2
5,0,5
2,0,2
2,0,2
4,0,4
3,0,3
3,0,3
2,0,2
6,0,6
5,0,5
2,0,2
5,0,5
5,0,5
2,0,2
2,0,2
5,0,5
3,0,3
2,0,2
3,0,3
7,0,7
3,0,3
2,0,2
4,0,4
4,0,4
2,0,2
9,121,130
2,0,2
3,0,3
2,0,2
5,0,5
2,0,2
2,0,2
2,0,2
2,0,2
3,0,3
2,0,2
2,0,2
5,0,5
2,0,2
2,0,2
4,0,4
2,0,2
2,0,2
2,0,2
3,0,3
2,0,2
2,0,2
2,0,2
2,0,2
2,0,2
2,0,2
5,0,5
2,0,2
4,0,4
5,0,5
2,0,2
2,0,2
2,0,2
3,0,3
4,0,4
2,0,2
2,0,2
2,0,2
4,0,4
4,0,4
2,0,2
2,0,2
2,0,2
6,0,6
2,0,2
2,0,2
3,0,3
2,0,2
2,0,2
2,0,2
3,0,3
4,0,4
6,0,6
2,0,2
2,0,2
2,0,2
2,0,2
10,0,10
3,0,3
5,0,5
9,0,9
2,0,2
3,0,3
5,0,5
2,0,2
2,0,2
2,0,2
5,0,5
4,0,4
2,0,2
2,0,2
2,0,2
2,0,2
2,0,2
2,0,2
2,0,2
5,0,5
2,0,2
2,0,2
2,0,2
2,0,2
2,0,2
5,0,5
9,0,9
2,0,2
2,0,2
6,0,6
3,0,3
2,0,2
4,0,4
2,0,2
7,0,7
4,0,4
5,0,5
4,0,4
2,0,2
6,0,6
2,0,2
3,0,3
2,0,2
2,0,2
5,0,5
5,0,5
2,0,2
5,0,5
2,0,2
2,0,2
4,0,4
3,0,3
4,0,4
2,0,2
6,0,6
2,0,2
2,0,2
6,0,6
2,0,2
2,0,2
2,0,2
4,0,4
2,0,2
5,0,5
5,0,5
2,0,2
2,0,2
2,0,2
2,0,2
2,0,2
2,0,2
2,0,2
2,0,2
3,0,3
2,0,2
5,0,5
3,0,3
2,0,2
2,0,2
5,0,5
2,0,2
4,0,4
2,0,2
5,0,5
2,0,2
2,0,2
4,0,4
2,0,2
2,0,2
3,0,3
4,0,4
2,0,2
2,0,2
2,0,2
2,0,2
3,0,3
4,0,4
5,0,5
2,0,2
4,0,4
5,0,5
4,0,4
2,0,2
3,0,3
3,0,3
5,0,5
2,0,2
2,0,2
2,0,2
5,0,5
2,0,2
5,0,5
2,0,2
2,0,2
3,0,3
6,0,6
5,0,5
4,0,4
2,0,2
2,0,2
4,0,4
2,0,2
2,0,2
2,0,2
2,0,2
4,0,4
2,0,2
3,0,3
2,0,2
3,0,3
2,0,2
16,0,16
5,0,5
44,0,44
3,0,3
2,0,2
2,0,2
2,0,2
4,0,4
2,0,2
4,0,4
3,0,3
2,0,2
5,0,5
2,0,2
2,0,2
4,0,4
2,0,2
2,0,2
2,0,2
2,0,2
2,0,2
3,0,3
4,0,4
2,0,2
4,0,4
5,0,5
3,0,3
2,0,2
3,0,3
2,0,2
2,0,2
5,0,5
2,0,2
3,0,3
2,0,2
3,0,3
4,0,4
4,0,4
2,0,2
4,0,4
4,0,4
2,0,2
2,0,2
5,0,5
2,0,2
4,0,4
2,0,2
2,0,2
5,0,5
2,0,2
2,0,2
4,0,4
7,0,7
2,0,2
5,0,5
3,0,3
2,0,2
2,0,2
2,0,2
3,0,3
2,0,2
2,0,2
4,0,4
5,0,5
4,0,4
2,0,2
2,0,2
2,0,2
2,0,2
3,0,3
2,0,2
2,0,2
2,0,2
4,0,4
2,0,2
5,0,5
2,0,2
2,0,2
4,0,4
1,31,32
2,0,2
2,0,2
4,0,4
2,0,2
2,0,2
2,0,2
2,0,2
2,0,2
2,0,2
2,0,2
3,0,3
5,0,5
5,0,5
3,0,3
2,0,2
3,0,3
2,0,2
2,0,2
5,0,5
2,0,2
4,0,4
7,0,7
3,0,3
2,0,2
2,0,2
4,0,4
2,0,2
2,0,2
5,0,5
5,0,5
2,0,2
4,0,4
6,0,6
2,0,2
2,0,2
2,0,2
2,0,2
2,0,2
2,0,2
2,0,2
3,0,3
4,0,4
2,0,2
2,0,2
2,0,2
4,0,4
2,0,2
2,0,2
3,0,3
5,0,5
2,0,2
5,0,5
2,0,2
2,0,2
2,0,2
3,0,3
2,0,2
2,0,2
2,0,2
2,0,2
2,0,2
2,0,2
2,0,2
2,0,2
3,0,3
5,0,5
2,0,2
2,0,2
2,0,2
2,0,2
4,0,4
2,0,2
2,0,2
5,0,5
2,0,2
2,0,2
3,0,3
3,0,3
2,0,2
2,0,2
4,0,4
6,0,6
2,0,2
2,0,2
5,0,5
4,0,4
2,0,2
2,0,2
2,0,2
4,0,4
2,0,2
3,0,3
2,0,2
4,0,4
2,0,2
3,0,3
2,0,2
2,0,2
2,0,2
5,0,5
5,0,5
2,0,2
2,0,2
2,0,2
2,0,2
4,0,4
2,0,2
2,0,2
2,0,2
2,0,2
2,0,2
4,0,4
4,0,4
5,0,5
4,0,4
3,0,3
3,0,3
3,0,3
3,0,3
2,0,2
2,0,2
2,0,2
5,0,5
2,0,2
8,0,8
3,0,3
2,0,2
3,0,3
5,0,5
5,0,5
6,0,6
2,0,2
2,0,2
2,0,2
6,0,6
4,0,4
2,0,2
2,0,2
2,0,2
2,0,2
2,0,2
3,0,3
2,0,2
2,0,2
3,0,3
2,0,2
2,0,2
2,0,2
2,0,2
2,0,2
6,0,6
3,0,3
2,0,2
2,0,2
4,0,4
4,0,4
2,0,2
2,0,2
3,0,3
2,0,2
2,0,2
2,0,2
2,0,2
4,0,4
4,0,4
2,0,2
2,0,2
2,0,2
4,0,4
2,0,2
2,0,2
2,0,2
2,0,2
2,0,2
3,0,3
2,0,2
2,0,2
3,0,3
3,0,3
3,0,3
4,0,4
2,0,2
5,0,5
4,0,4
2,0,2
3,0,3
5,0,5
2,0,2
3,0,3
2,0,2
2,0,2
2,0,2
3,0,3
4,0,4
2,0,2
3,0,3
2,0,2
2,0,2
2,0,2
8,0,8
2,0,2
3,0,3
2,0,2
6,0,6
3,0,3
2,0,2
4,0,4
4,0,4
2,0,2
2,0,2
2,0,2
2,0,2
2,0,2
9,0,9
2,0,2
2,0,2
2,0,2
2,0,2
4,0,4
3,0,3
2,0,2
2,0,2
2,0,2
3,0,3
3,0,3
9,0,9
5,0,5
5,0,5
3,10,13
2,0,2
2,0,2
2,0,2
4,0,4
3,0,3
3,0,3
2,0,2
2,0,2
2,0,2
2,0,2
2,0,2
4,0,4
3,0,3
4,0,4
3,0,3
2,0,2
2,0,2
2,0,2
8,0,8
2,0,2
7,0,7
2,0,2
17,0,17
5,0,5
2,0,2
2,0,2
2,0,2
5,0,5
3,0,3
7,0,7
2,0,2
2,0,2
2,0,2
2,0,2
3,0,3
3,0,3
14,0,14
2,0,2
5,0,5
2,0,2
4,0,4
2,0,2
2,0,2
8,0,8
2,0,2
2,0,2
2,0,2
5,0,5
36,0,36
4,0,4
2,0,2
2,0,2
5,0,5
2,0,2
15,0,15
2,0,2
6,0,6
2,0,2
2,0,2
2,0,2
2,0,2
3,0,3
6,0,6
3,0,3
3,0,3
5,0,5
4,0,4
2,0,2
5,0,5
2,0,2
4,0,4
6,0,6
2,0,2
2,0,2
3,0,3
4,0,4
4,0,4
2,0,2
2,0,2
5,0,5
2,0,2
2,0,2
2,0,2
5,0,5
5,0,5
3,0,3
2,0,2
3,0,3
5,0,5
8,0,8
6,0,6
2,0,2
4,0,4
2,0,2
2,0,2
4,0,4
4,0,4
2,0,2
3,0,3
4,0,4
3,0,3
5,0,5
2,0,2
4,0,4
5,0,5
2,0,2
5,0,5
2,0,2
2,0,2
2,0,2
4,0,4
3,0,3
2,0,2
5,0,5
3,0,3
3,0,3
2,0,2
2,0,2
2,0,2
5,0,5
3,0,3
7,0,7
3,0,3
5,0,5
2,0,2
2,0,2
4,0,4
2,0,2
1,21,22
5,0,5
2,0,2
2,0,2
2,0,2
4,0,4
3,0,3
2,0,2
2,0,2
2,0,2
2,0,2
2,0,2
2,0,2
2,0,2
2,0,2
2,0,2
3,0,3
5,0,5
2,0,2
2,0,2
2,0,2
2,0,2
2,0,2
4,0,4
4,0,4
3,0,3
4,0,4
5,0,5
3,0,3
2,0,2
3,0,3
2,0,2
4,0,4
4,0,4
2,0,2
2,0,2
2,0,2
4,0,4
5,53,58
3,0,3
2,0,2
2,0,2
3,0,3
2,0,2
4,0,4
4,0,4
3,0,3
2,0,2
4,0,4
2,0,2
2,0,2
2,0,2
2,0,2
5,0,5
3,0,3
2,0,2
4,0,4
2,0,2
4,0,4
2,0,2
5,0,5
2,0,2
2,0,2
2,0,2
2,0,2
2,0,2
2,0,2
3,0,3
3,96,99
2,0,2
4,0,4
3,0,3
3,0,3
2,0,2
3,0,3
8,0,8
5,0,5
2,0,2
2,0,2
2,0,2
2,0,2
2,0,2
4,0,4
2,0,2
2,0,2
2,0,2
2,0,2
3,0,3
2,0,2
2,0,2
5,0,5
2,0,2
2,0,2
2,0,2
2,0,2
5,0,5
4,0,4
1,27,28
2,0,2
2,0,2
2,0,2
2,0,2
2,0,2
4,0,4
2,0,2
2,0,2
3,0,3
4,0,4
4,0,4
2,0,2
3,0,3
2,0,2
3,0,3
4,0,4
2,0,2
3,0,3
2,0,2
2,0,2
2,0,2
2,0,2
2,0,2
2,0,2
5,0,5
2,0,2
5,0,5
5,0,5
3,0,3
5,0,5
4,0,4
2,0,2
2,0,2
4,0,4
2,0,2
4,0,4
3,0,3
3,0,3
2,0,2
2,0,2
3,0,3
2,0,2
2,0,2
2,0,2
2,0,2
2,0,2
2,0,2
2,0,2
3,0,3
5,0,5
3,0,3
2,0,2
2,0,2
2,0,2
3,0,3
3,0,3
5,0,5
2,0,2
5,0,5
4,0,4
2,0,2
2,0,2
4,0,4
2,0,2
2,0,2
3,0,3
3,0,3
2,0,2
2,0,2
3,0,3
6,0,6
2,0,2
2,0,2
4,0,4
3,0,3
2,0,2
5,0,5
5,0,5
4,0,4
5,0,5
4,0,4
2,0,2
2,0,2
5,0,5
3,0,3
4,0,4
3,0,3
2,0,2
2,0,2
3,0,3
3,0,3
4,0,4
2,0,2
2,0,2
4,0,4
2,0,2
2,0,2
2,0,2
2,0,2
2,0,2
4,0,4
2,0,2
2,0,2
2,0,2
2,0,2
2,0,2
5,0,5
3,0,3
2,0,2
2,0,2
4,0,4
2,0,2
2,0,2
4,0,4
2,0,2
2,0,2
2,0,2
4,0,4
2,0,2
2,0,2
3,0,3
2,0,2
3,0,3
6,0,6
3,0,3
2,0,2
2,0,2
2,0,2
2,0,2
2,0,2
2,0,2
5,0,5
4,0,4
2,0,2
2,0,2
6,0,6
5,0,5
2,0,2
1,105,106
7,0,7
2,0,2
2,0,2
2,0,2
2,0,2
2,0,2
8,0,8
5,0,5
2,0,2
2,0,2
2,0,2
4,0,4
2,0,2
3,0,3
5,0,5
2,0,2
2,0,2
2,0,2
3,0,3
3,0,3
2,0,2
4,0,4
2,0,2
4,0,4
3,0,3
5,0,5
4,0,4
3,0,3
2,0,2
5,0,5
2,0,2
2,0,2
5,0,5
2,0,2
3,0,3
3,0,3
3,0,3
2,0,2
2,0,2
5,0,5
2,0,2
2,0,2
5,0,5
2,0,2
3,0,3
2,0,2
2,0,2
5,0,5
2,0,2
3,0,3
2,0,2
5,0,5
2,0,2
4,0,4
3,0,3
2,0,2
2,0,2
4,0,4
2,0,2
2,0,2
3,0,3
5,0,5
2,0,2
2,0,2
2,0,2
2,0,2
2,0,2
5,0,5
2,0,2
2,0,2
4,0,4
4,0,4
4,0,4
10,0,10
2,0,2
2,0,2
5,0,5
3,0,3
2,0,2
5,0,5
2,0,2
2,0,2
5,0,5
2,0,2
2,0,2
4,0,4
4,0,4
4,0,4
2,0,2
2,0,2
2,0,2
5,0,5
2,0,2
10,0,10
3,0,3
4,0,4
5,0,5
2,0,2
4,0,4
6,0,6
5,0,5
2,0,2
3,0,3
5,0,5
3,0,3
2,0,2
2,0,2
2,0,2
2,0,2
5,0,5
4,0,4
2,0,2
3,0,3
2,0,2
3,0,3
2,0,2
4,0,4
5,0,5
2,0,2
2,0,2
2,0,2
2,0,2
2,0,2
2,0,2
2,0,2
2,0,2
2,0,2
3,0,3
4,0,4
2,0,2
5,0,5
2,0,2
3,0,3
2,0,2
3,0,3
2,0,2
3,0,3
5,0,5
2,0,2
3,0,3
3,0,3
11,0,11
5,0,5
2,0,2
3,0,3
4,0,4
5,0,5
2,0,2
2,0,2
3,0,3
2,0,2
4,0,4
3,0,3
5,0,5
2,0,2
2,0,2
2,0,2
5,0,5
3,0,3
4,0,4
2,0,2
3,0,3
5,0,5
4,0,4
5,8,13
2,0,2
2,0,2
2,0,2
2,0,2
2,0,2
3,0,3
2,0,2
3,0,3
2,0,2
2,0,2
2,0,2
3,0,3
3,0,3
2,0,2
4,0,4
2,0,2
4,0,4
3,0,3
2,0,2
2,0,2
2,0,2
2,0,2
3,0,3
3,0,3
3,0,3
2,0,2
3,0,3
2,0,2
2,0,2
6,0,6
2,0,2
2,0,2
4,0,4
4,0,4
2,0,2
2,0,2
2,0,2
4,0,4
2,0,2
5,0,5
5,0,5
4,0,4
2,0,2
2,0,2
4,0,4
4,0,4
3,0,3
2,0,2
5,0,5
4,0,4
3,0,3
2,0,2
2,0,2
2,0,2
2,0,2
5,0,5
2,0,2
5,0,5
2,0,2
7,0,7
2,0,2
2,0,2
2,0,2
2,0,2
4,0,4
4,0,4
5,0,5
3,0,3
2,0,2
2,0,2
6,0,6
3,0,3
4,0,4
2,0,2
2,0,2
22,0,22
3,0,3
3,0,3
3,0,3
2,0,2
2,0,2
2,0,2
2,0,2
3,0,3
2,0,2
2,0,2
4,0,4
2,0,2
2,0,2
2,0,2
2,0,2
2,0,2
4,0,4
2,0,2
5,0,5
2,0,2
3,0,3
4,0,4
3,0,3
2,0,2
2,0,2
2,0,2
2,0,2
2,0,2
2,0,2
2,0,2
2,0,2
5,0,5
2,0,2
3,0,3
4,0,4
2,0,2
2,0,2
4,0,4
3,0,3
2,0,2
5,0,5
2,0,2
2,0,2
2,0,2
3,0,3
2,0,2
4,0,4
2,0,2
4,0,4
3,0,3
2,0,2
2,0,2
2,0,2
3,0,3
3,0,3
3,0,3
2,0,2
4,0,4
2,0,2
4,0,4
4,0,4
4,0,4
2,0,2
4,0,4
2,0,2
2,0,2
4,0,4
2,0,2
2,0,2
5,0,5
3,0,3
3,0,3
5,0,5
2,0,2
3,0,3
2,0,2
5,0,5
5,0,5
5,0,5
2,0,2
2,0,2
4,0,4
3,0,3
4,0,4
2,0,2
2,0,2
4,0,4
4,0,4
4,0,4
2,0,2
2,0,2
4,0,4
4,0,4
3,0,3
2,0,2
2,0,2
2,0,2
5,0,5
5,0,5
4,0,4
2,0,2
5,0,5
2,0,2
4,0,4
2,0,2
2,0,2
4,0,4
2,0,2
3,0,3
2,0,2
2,0,2
4,0,4
4,0,4
2,0,2
3,0,3
2,0,2
5,0,5
2,0,2
2,0,2
17,0,17
2,0,2
2,0,2
2,0,2
4,0,4
2,0,2
2,0,2
2,0,2
3,0,3
2,0,2
4,0,4
2,0,2
4,0,4
2,0,2
7,0,7
2,0,2
5,0,5
2,0,2
2,0,2
3,0,3
2,0,2
2,0,2
4,0,4
4,0,4
4,0,4
4,0,4
2,0,2
5,0,5
2,0,2
2,0,2
4,0,4
2,0,2
3,0,3
4,0,4
2,0,2
10,0,10
2,0,2
2,0,2
2,0,2
4,0,4
2,0,2
2,0,2
4,0,4
4,0,4
4,0,4
2,0,2
5,0,5
4,0,4
2,0,2
2,0,2
2,0,2
2,0,2
2,0,2
2,0,2
5,0,5
5,0,5
2,0,2
2,0,2
2,0,2
3,0,3
4,0,4
2,0,2
4,0,4
5,0,5
2,0,2
4,0,4
3,0,3
2,0,2
2,0,2
3,0,3
2,0,2
3,0,3
4,0,4
3,0,3
2,0,2
4,0,4
2,0,2
3,0,3
2,0,2
2,0,2
2,0,2
4,0,4
2,0,2
4,0,4
8,0,8
2,0,2
2,0,2
2,0,2
2,0,2
5,0,5
5,0,5
2,0,2
2,0,2
4,0,4
3,0,3
3,0,3
3,0,3
2,0,2
3,0,3
2,0,2
5,0,5
2,0,2
2,0,2
2,0,2
2,0,2
2,0,2
2,0,2
5,0,5
4,0,4
5,0,5
2,0,2
2,0,2
3,0,3
2,0,2
2,0,2
3,0,3
2,0,2
2,0,2
5,0,5
4,0,4
4,0,4
5,0,5
2,0,2
3,0,3
5,0,5
2,0,2
2,0,2
5,0,5
3,0,3
5,0,5
2,0,2
2,0,2
7,0,7
2,0,2
3,0,3
2,0,2
2,0,2
2,0,2
2,0,2
4,0,4
3,0,3
7,0,7
4,0,4
2,0,2
3,0,3
2,0,2
2,0,2
8,0,8
5,0,5
4,0,4
4,0,4
3,0,3
2,0,2
2,0,2
2,0,2
2,0,2
3,0,3
5,0,5
3,0,3
5,0,5
2,0,2
2,0,2
2,0,2
4,0,4
2,0,2
2,0,2
4,0,4
2,0,2
2,0,2
5,0,5
2,0,2
3,0,3
2,0,2
5,0,5
4,0,4
2,0,2
3,0,3
4,0,4
2,0,2
4,0,4
4,0,4
2,0,2
7,0,7
3,0,3
2,0,2
3,0,3
6,0,6
2,0,2
5,0,5
3,0,3
3,0,3
2,0,2
3,0,3
2,0,2
5,0,5
3,0,3
4,0,4
3,0,3
2,0,2
2,0,2
2,0,2
2,0,2
2,0,2
4,0,4
2,0,2
2,0,2
3,0,3
2,0,2
2,0,2
2,0,2
2,0,2
2,0,2
2,0,2
2,0,2
4,0,4
2,0,2
4,0,4
3,0,3
2,0,2
2,0,2
3,0,3
2,0,2
4,0,4
2,0,2
3,0,3
3,0,3
5,0,5
3,0,3
2,0,2
2,0,2
4,0,4
2,0,2
7,0,7
2,0,2
2,0,2
2,0,2
2,0,2
2,0,2
2,0,2
2,0,2
2,0,2
5,0,5
5,0,5
2,0,2
4,0,4
4,0,4
3,0,3
5,0,5
2,0,2
4,0,4
4,0,4
2,0,2
2,0,2
2,0,2
2,0,2
2,0,2
1,144,145
2,0,2
4,0,4
7,0,7
2,0,2
5,0,5
3,0,3
4,0,4
2,0,2
2,0,2
2,0,2
2,0,2
2,0,2
2,0,2
3,0,3
2,0,2
2,0,2
2,0,2
3,0,3
2,0,2
2,0,2
4,0,4
2,0,2
2,0,2
5,0,5
4,0,4
2,0,2
5,0,5
2,0,2
3,0,3
2,0,2
2,0,2
2,0,2
5,0,5
2,0,2
2,0,2
2,0,2
2,0,2
4,0,4
5,0,5
4,0,4
2,0,2
4,0,4
3,0,3
2,0,2
3,0,3
4,0,4
2,0,2
2,0,2
2,0,2
2,0,2
5,0,5
4,0,4
2,0,2
2,0,2
5,0,5
2,0,2
3,0,3
2,0,2
2,0,2
2,0,2
2,0,2
2,0,2
2,0,2
2,0,2
4,0,4
2,0,2
4,0,4
5,0,5
3,0,3
2,0,2
5,0,5
2,0,2
5,0,5
2,0,2
5,0,5
2,0,2
2,0,2
2,0,2
4,0,4
7,0,7
5,0,5
2,0,2
3,0,3
3,0,3
3,0,3
2,0,2
2,0,2
5,0,5
2,0,2
2,0,2
2,0,2
3,0,3
2,0,2
6,0,6
2,0,2
2,0,2
2,0,2
2,0,2
2,0,2
2,0,2
6,0,6
4,0,4
2,0,2
3,0,3
5,0,5
2,0,2
4,0,4
2,0,2
2,0,2
2,0,2
2,0,2
2,0,2
2,0,2
2,0,2
4,0,4
6,0,6
2,0,2
2,0,2
4,0,4
2,0,2
2,0,2
4,0,4
2,0,2
2,0,2
6,0,6
4,0,4
3,0,3
2,0,2
2,0,2
2,0,2
2,0,2
2,0,2
2,0,2
2,0,2
3,0,3
2,0,2
2,0,2
2,0,2
2,0,2
3,0,3
2,0,2
2,0,2
2,0,2
3,0,3
2,0,2
2,0,2
2,0,2
2,0,2
2,0,2
5,0,5
4,0,4
4,0,4
4,0,4
2,0,2
2,0,2
2,0,2
6,0,6
3,0,3
11,0,11
2,0,2
2,0,2
5,0,5
2,0,2
2,0,2
2,0,2
3,0,3
2,0,2
2,0,2
3,0,3
2,0,2
5,0,5
5,0,5
4,0,4
5,0,5
5,0,5
6,0,6
2,0,2
2,0,2
5,0,5
2,0,2
2,0,2
4,0,4
2,0,2
3,0,3
5,0,5
2,0,2
2,0,2
2,0,2
3,0,3
2,0,2
3,0,3
3,0,3
2,0,2
4,0,4
2,0,2
4,0,4
2,0,2
2,0,2
2,0,2
4,0,4
2,0,2
2,0,2
12,0,12
5,0,5
2,0,2
2,0,2
2,0,2
2,0,2
2,0,2
2,0,2
2,0,2
4,0,4
2,0,2
2,0,2
2,0,2
3,0,3
3,0,3
2,0,2
2,0,2
2,0,2
5,0,5
8,0,8
2,0,2
3,0,3
3,0,3
4,0,4
3,0,3
2,0,2
3,0,3
2,0,2
3,0,3
4,0,4
5,0,5
4,0,4
2,0,2
2,0,2
5,0,5
3,0,3
2,0,2
2,0,2
2,0,2
4,0,4
2,0,2
2,0,2
3,0,3
2,0,2
2,0,2
3,0,3
5,0,5
2,0,2
5,0,5
6,0,6
2,0,2
4,0,4
4,0,4
2,0,2
4,0,4
11,0,11
5,0,5
2,0,2
4,0,4
3,0,3
4,0,4
3,0,3
3,0,3
4,0,4
2,0,2
2,0,2
2,0,2
3,0,3
5,0,5
4,0,4
2,0,2
3,0,3
2,0,2
2,0,2
2,0,2
2,0,2
4,0,4
3,0,3
2,0,2
2,0,2
2,0,2
2,0,2
2,0,2
2,0,2
2,0,2
2,0,2
2,0,2
3,0,3
2,0,2
3,0,3
2,0,2
2,0,2
5,0,5
3,0,3
4,0,4
4,0,4
4,0,4
3,0,3
2,0,2
2,0,2
4,0,4
2,0,2
4,0,4
2,0,2
2,0,2
3,0,3
2,0,2
2,0,2
2,0,2
3,0,3
2,0,2
4,0,4
2,0,2
9,0,9
2,0,2
14,0,14
3,0,3
2,0,2
3,0,3
3,0,3
5,0,5
4,0,4
4,0,4
4,0,4
2,0,2
2,0,2
3,0,3
3,0,3
3,0,3
4,0,4
2,0,2
2,0,2
5,0,5
3,0,3
2,0,2
2,0,2
2,0,2
4,0,4
2,0,2
2,0,2
3,0,3
9,0,9
3,0,3
2,0,2
2,0,2
8,0,8
2,0,2
2,0,2
3,0,3
4,0,4
2,0,2
2,0,2
5,0,5
2,0,2
4,0,4
2,0,2
2,0,2
2,0,2
3,0,3
9,0,9
3,0,3
2,0,2
4,0,4
2,0,2
3,0,3
5,0,5
2,0,2
2,0,2
2,0,2
5,0,5
2,0,2
2,0,2
2,0,2
2,0,2
2,0,2
5,0,5
2,0,2
2,0,2
2,0,2
5,0,5
2,0,2
4,0,4
5,0,5
2,0,2
2,0,2
2,0,2
2,0,2
5,0,5
5,0,5
3,0,3
5,0,5
2,0,2
2,0,2
2,0,2
2,0,2
4,0,4
6,0,6
2,0,2
2,0,2
2,0,2
5,0,5
2,0,2
2,0,2
2,0,2
2,0,2
3,0,3
2,0,2
2,0,2
2,0,2
5,0,5
2,0,2
2,0,2
2,0,2
2,0,2
3,0,3
4,0,4
2,0,2
2,0,2
2,0,2
2,0,2
2,0,2
5,0,5
3,0,3
2,0,2
2,0,2
2,0,2
2,0,2
2,0,2
2,0,2
4,0,4
2,0,2
4,0,4
2,0,2
3,0,3
2,0,2
2,0,2
2,0,2
4,0,4
3,0,3
2,0,2
5,0,5
2,0,2
2,0,2
2,0,2
2,0,2
2,0,2
3,0,3
2,0,2
2,0,2
12,0,12
5,0,5
2,0,2
4,0,4
4,102,106
5,0,5
3,0,3
2,0,2
4,0,4
5,0,5
5,0,5
2,0,2
4,0,4
2,0,2
2,0,2
2,0,2
2,0,2
4,0,4
2,0,2
2,0,2
2,0,2
3,0,3
2,0,2
2,0,2
2,0,2
4,0,4
5,0,5
2,0,2
2,0,2
2,0,2
2,0,2
2,0,2
2,0,2
5,0,5
2,0,2
2,0,2
3,0,3
2,0,2
5,0,5
2,0,2
4,0,4
2,0,2
2,0,2
2,0,2
2,0,2
2,0,2
5,0,5
4,0,4
2,0,2
12,0,12
2,0,2
2,0,2
5,0,5
4,0,4
4,0,4
3,0,3
4,0,4
4,0,4
2,0,2
3,0,3
3,0,3
3,0,3
2,0,2
2,0,2
4,0,4
5,0,5
2,0,2
3,0,3
2,0,2
2,0,2
2,0,2
4,0,4
4,0,4
2,0,2
5,0,5
2,0,2
5,0,5
2,0,2
5,0,5
3,0,3
2,0,2
5,0,5
6,0,6
4,0,4
4,0,4
2,0,2
2,0,2
3,0,3
7,0,7
3,0,3
2,0,2
2,0,2
5,0,5
5,0,5
4,0,4
2,0,2
4,0,4
2,0,2
2,0,2
2,0,2
4,0,4
2,0,2
5,0,5
5,0,5
2,0,2
2,0,2
2,0,2
2,0,2
2,0,2
2,0,2
5,0,5
2,0,2
4,0,4
6,0,6
2,0,2
2,0,2
4,0,4
4,0,4
2,0,2
8,0,8
2,0,2
2,0,2
2,0,2
6,0,6
2,0,2
3,0,3
2,0,2
5,0,5
5,0,5
3,0,3
2,0,2
2,0,2
2,0,2
5,0,5
3,0,3
2,0,2
2,0,2
3,0,3
2,0,2
2,0,2
6,0,6
4,0,4
2,0,2
2,0,2
2,0,2
5,0,5
2,0,2
2,0,2
3,0,3
5,0,5
2,0,2
2,0,2
2,0,2
2,0,2
3,0,3
5,0,5
3,0,3
2,0,2
4,0,4
2,0,2
2,0,2
3,0,3
2,0,2
4,0,4
2,0,2
2,0,2
2,0,2
7,0,7
5,0,5
2,0,2
2,0,2
9,0,9
2,0,2
3,0,3
4,0,4
2,0,2
2,0,2
8,0,8
2,0,2
4,0,4
2,0,2
3,0,3
3,0,3
2,0,2
2,0,2
5,0,5
2,0,2
5,0,5
2,0,2
3,0,3
2,0,2
2,0,2
2,0,2
2,0,2
2,0,2
3,0,3
2,0,2
3,0,3
5,0,5
2,0,2
2,0,2
2,0,2
2,0,2
4,0,4
2,0,2
4,0,4
4,0,4
2,0,2
2,0,2
2,0,2
2,0,2
2,0,2
2,0,2
2,0,2
2,0,2
3,0,3
2,0,2
2,0,2
2,0,2
2,0,2
2,0,2
4,0,4
2,0,2
4,0,4
2,0,2
2,0,2
2,0,2
2,0,2
2,0,2
4,0,4
2,0,2
2,0,2
2,0,2
3,0,3
9,9,18
2,0,2
2,0,2
2,0,2
2,0,2
2,0,2
3,0,3
4,0,4
2,0,2
2,0,2
5,0,5
5,0,5
2,0,2
5,0,5
5,0,5
5,0,5
4,0,4
2,0,2
2,0,2
5,0,5
2,0,2
2,0,2
2,0,2
2,0,2
4,0,4
3,20,23
2,0,2
3,0,3
2,0,2
2,0,2
2,0,2
2,0,2
2,0,2
2,0,2
4,0,4
5,0,5
5,0,5
2,0,2
4,0,4
3,0,3
2,0,2
2,0,2
3,0,3
3,0,3
2,0,2
2,0,2
2,0,2
2,0,2
2,0,2
2,0,2
2,0,2
3,0,3
3,0,3
5,0,5
2,0,2
4,0,4
4,0,4
5,0,5
2,0,2
2,0,2
2,0,2
2,0,2
2,0,2
6,0,6
3,0,3
2,0,2
2,0,2
3,0,3
3,0,3
2,0,2
5,0,5
2,0,2
2,0,2
2,0,2
5,0,5
9,0,9
2,0,2
7,0,7
2,0,2
4,0,4
4,0,4
2,0,2
2,0,2
2,0,2
2,0,2
4,0,4
2,0,2
2,0,2
2,0,2
10,0,10
2,0,2
2,0,2
5,0,5
5,0,5
4,0,4
4,0,4
2,0,2
2,0,2
3,0,3
4,0,4
2,0,2
2,0,2
5,0,5
2,0,2
2,0,2
3,0,3
2,0,2
2,0,2
2,0,2
2,0,2
2,0,2
2,0,2
5,0,5
5,0,5
2,0,2
2,0,2
2,0,2
2,0,2
4,0,4
2,0,2
2,0,2
2,0,2
2,0,2
6,0,6
3,0,3
2,0,2
2,0,2
4,0,4
2,0,2
5,0,5
2,0,2
3,0,3
7,0,7
2,0,2
2,0,2
3,0,3
2,0,2
2,0,2
2,0,2
5,0,5
2,0,2
2,0,2
5,0,5
4,0,4
3,0,3
2,0,2
5,0,5
2,0,2
3,0,3
2,0,2
2,0,2
2,0,2
2,0,2
2,0,2
3,0,3
8,0,8
2,0,2
2,0,2
3,0,3
4,0,4
4,0,4
2,0,2
2,0,2
4,0,4
5,0,5
3,0,3
5,0,5
2,0,2
2,0,2
2,0,2
1,64,65
2,0,2
2,0,2
2,0,2
3,0,3
2,0,2
2,0,2
6,0,6
2,0,2
5,0,5
2,0,2
3,0,3
5,0,5
3,0,3
4,0,4
10,0,10
2,0,2
4,0,4
7,0,7
2,0,2
7,0,7
6,0,6
8,0,8
2,0,2
3,35,38
2,0,2
2,0,2
2,0,2
3,0,3
2,0,2
2,0,2
3,0,3
2,0,2
2,0,2
4,0,4
5,0,5
2,0,2
2,0,2
8,0,8
4,0,4
2,0,2
2,0,2
2,0,2
2,0,2
2,0,2
3,0,3
2,0,2
2,0,2
2,0,2
3,0,3
2,0,2
2,0,2
2,0,2
2,0,2
2,0,2
2,0,2
2,0,2
2,0,2
2,0,2
2,0,2
2,0,2
5,0,5
2,0,2
5,0,5
2,0,2
2,0,2
4,0,4
2,0,2
2,0,2
6,0,6
2,0,2
5,0,5
3,58,61
5,218,223
4,0,4
2,0,2
3,0,3
2,0,2
2,0,2
3,0,3
3,0,3
10,0,10
2,0,2
3,0,3
4,0,4
7,0,7
2,0,2
2,0,2
3,0,3
4,0,4
5,0,5
3,0,3
3,0,3
4,0,4
3,0,3
2,0,2
4,0,4
2,0,2
2,0,2
2,0,2
5,0,5
3,0,3
2,0,2
3,0,3
2,0,2
2,0,2
2,0,2
2,0,2
5,0,5
5,0,5
3,0,3
7,0,7
5,0,5
6,0,6
2,0,2
2,0,2
5,0,5
2,0,2
3,0,3
3,0,3
2,0,2
2,0,2
3,0,3
2,0,2
2,0,2
4,0,4
3,0,3
3,0,3
6,0,6
3,0,3
3,0,3
4,0,4
2,0,2
3,0,3
2,0,2
5,0,5
2,0,2
3,0,3
2,0,2
3,0,3
3,0,3
2,0,2
2,0,2
3,0,3
2,0,2
3,0,3
2,0,2
2,0,2
3,0,3
3,0,3
3,0,3
2,0,2
4,0,4
5,0,5
19,0,19
2,0,2
3,0,3
2,0,2
3,0,3
2,0,2
2,0,2
2,0,2
3,0,3
2,0,2
2,0,2
2,0,2
2,0,2
3,0,3
3,0,3
2,0,2
2,0,2
2,0,2
3,0,3
4,0,4
3,0,3
5,0,5
2,0,2
6,0,6
4,0,4
2,0,2
3,0,3
2,0,2
3,0,3
2,0,2
4,0,4
2,0,2
2,0,2
5,0,5
2,0,2
2,0,2
2,0,2
5,0,5
2,0,2
2,0,2
5,0,5
2,0,2
2,0,2
2,0,2
2,0,2
2,0,2
2,0,2
2,0,2
4,0,4
4,0,4
2,0,2
2,0,2
3,0,3
3,0,3
10,0,10
3,0,3
3,0,3
5,0,5
3,0,3
6,0,6
5,0,5
2,0,2
4,0,4
2,0,2
2,0,2
2,0,2
2,0,2
2,0,2
2,0,2
2,0,2
2,0,2
2,0,2
5,0,5
2,0,2
2,0,2
3,0,3
2,0,2
2,0,2
2,0,2
5,0,5
2,0,2
2,0,2
2,0,2
2,0,2
2,0,2
5,0,5
5,0,5
4,0,4
4,0,4
2,0,2
5,0,5
2,0,2
2,0,2
2,0,2
2,0,2
3,0,3
5,0,5
2,0,2
2,0,2
5,0,5
2,0,2
2,0,2
3,0,3
4,0,4
4,0,4
2,0,2
2,0,2
2,0,2
3,0,3
2,0,2
2,0,2
6,0,6
2,0,2
5,0,5
2,0,2
4,0,4
2,0,2
4,0,4
5,0,5
2,0,2
2,0,2
2,0,2
2,0,2
4,0,4
2,0,2
2,0,2
2,0,2
2,0,2
5,0,5
2,0,2
3,0,3
2,0,2
3,0,3
2,0,2
10,38,48
3,0,3
2,0,2
2,0,2
4,0,4
2,0,2
2,0,2
2,0,2
2,0,2
3,0,3
3,0,3
2,0,2
2,0,2
2,0,2
5,0,5
2,0,2
2,0,2
2,0,2
3,0,3
2,0,2
5,0,5
3,0,3
2,0,2
2,0,2
5,0,5
3,0,3
3,0,3
3,0,3
2,0,2
2,0,2
2,0,2
2,0,2
2,0,2
2,0,2
3,0,3
2,0,2
4,0,4
2,0,2
4,0,4
5,0,5
3,0,3
2,0,2
4,0,4
2,0,2
5,0,5
2,0,2
2,0,2
2,0,2
2,0,2
2,0,2
2,0,2
3,0,3
3,0,3
2,0,2
4,0,4
3,0,3
4,0,4
5,0,5
2,0,2
2,0,2
2,0,2
2,0,2
5,0,5
2,0,2
2,0,2
4,0,4
5,0,5
4,0,4
8,0,8
4,0,4
2,0,2
2,0,2
3,0,3
2,0,2
2,0,2
5,0,5
2,0,2
2,0,2
2,0,2
4,0,4
2,0,2
3,0,3
2,0,2
3,0,3
2,0,2
2,0,2
3,0,3
2,0,2
5,0,5
4,0,4
4,0,4
3,0,3
4,0,4
2,0,2
2,0,2
2,0,2
2,0,2
2,0,2
2,0,2
3,0,3
2,0,2
2,0,2
2,0,2
5,0,5
2,0,2
4,0,4
3,0,3
4,0,4
2,0,2
3,0,3
2,0,2
2,0,2
3,0,3
2,0,2
2,0,2
10,0,10
2,0,2
3,0,3
2,0,2
2,0,2
2,0,2
2,0,2
2,0,2
2,0,2
5,0,5
2,0,2
5,0,5
4,0,4
2,0,2
2,0,2
4,0,4
2,0,2
2,0,2
2,0,2
4,0,4
2,0,2
3,0,3
3,0,3
4,0,4
2,0,2
2,0,2
9,0,9
3,0,3
2,0,2
4,0,4
3,0,3
4,0,4
2,0,2
2,0,2
4,0,4
2,0,2
2,0,2
7,0,7
2,0,2
4,0,4
2,0,2
2,0,2
2,0,2
2,0,2
2,0,2
2,0,2
2,0,2
2,0,2
5,0,5
2,0,2
2,0,2
2,0,2
2,0,2
4,0,4
2,0,2
2,0,2
2,0,2
4,0,4
2,0,2
5,0,5
2,0,2
5,0,5
3,0,3
2,0,2
2,0,2
2,0,2
2,0,2
3,0,3
2,0,2
4,0,4
2,0,2
3,0,3
2,0,2
2,0,2
6,0,6
2,0,2
2,0,2
5,0,5
3,0,3
3,564,567
7,0,7
2,0,2
2,0,2
2,0,2
4,0,4
2,0,2
2,0,2
2,0,2
5,0,5
3,0,3
2,0,2
2,0,2
2,0,2
2,0,2
2,0,2
2,0,2
2,0,2
4,0,4
3,0,3
5,0,5
2,0,2
2,0,2
4,0,4
2,0,2
4,0,4
2,0,2
2,0,2
2,0,2
2,0,2
27,0,27
2,0,2
2,0,2
3,0,3
2,0,2
5,0,5
2,0,2
5,0,5
2,0,2
2,0,2
5,0,5
3,0,3
2,0,2
2,0,2
2,0,2
2,0,2
2,0,2
12,0,12
2,0,2
2,0,2
2,0,2
5,0,5
2,0,2
5,0,5
2,0,2
2,0,2
3,0,3
3,0,3
5,0,5
2,0,2
2,0,2
2,0,2
2,0,2
4,0,4
3,0,3
5,0,5
3,0,3
2,0,2
2,0,2
3,0,3
3,0,3
4,0,4
13,0,13
3,0,3
3,0,3
2,0,2
2,0,2
3,0,3
2,0,2
2,0,2
3,0,3
2,0,2
3,0,3
4,0,4
3,0,3
2,0,2
2,0,2
3,0,3
4,0,4
6,0,6
2,0,2
5,0,5
9,0,9
2,0,2
2,0,2
4,0,4
2,0,2
2,0,2
2,0,2
2,0,2
2,0,2
2,0,2
3,0,3
2,0,2
2,0,2
4,0,4
2,0,2
2,0,2
3,0,3
3,0,3
2,0,2
2,0,2
3,0,3
2,0,2
3,0,3
3,16,19
2,0,2
5,0,5
4,0,4
9,0,9
2,0,2
6,0,6
2,0,2
2,0,2
2,0,2
2,0,2
2,0,2
4,0,4
7,0,7
2,0,2
3,0,3
2,0,2
2,0,2
5,0,5
2,0,2
2,0,2
2,0,2
3,0,3
3,0,3
2,0,2
2,0,2
2,0,2
3,0,3
3,0,3
7,0,7
4,0,4
5,0,5
2,0,2
3,0,3
3,0,3
3,0,3
2,0,2
5,0,5
2,0,2
2,0,2
5,0,5
2,0,2
5,0,5
3,0,3
5,0,5
2,0,2
4,0,4
2,0,2
4,0,4
4,0,4
3,0,3
2,0,2
4,0,4
3,0,3
7,0,7
2,0,2
2,0,2
2,0,2
2,0,2
2,0,2
2,0,2
9,0,9
3,0,3
2,0,2
2,0,2
2,0,2
5,0,5
4,0,4
3,0,3
2,0,2
4,0,4
4,0,4
2,0,2
3,0,3
3,0,3
2,0,2
2,0,2
3,0,3
3,0,3
6,0,6
4,0,4
2,0,2
2,0,2
4,0,4
2,0,2
2,0,2
2,0,2
2,0,2
2,0,2
4,0,4
4,0,4
2,0,2
5,0,5
2,0,2
2,0,2
2,0,2
2,0,2
5,0,5
2,0,2
2,0,2
3,0,3
2,0,2
2,0,2
4,0,4
2,0,2
4,0,4
2,0,2
2,0,2
6,351,357
2,0,2
2,0,2
2,0,2
2,0,2
2,0,2
4,0,4
2,0,2
5,0,5
5,0,5
2,0,2
4,0,4
2,0,2
3,0,3
3,0,3
2,0,2
2,0,2
2,0,2
2,0,2
6,0,6
2,0,2
2,0,2
2,0,2
4,0,4
5,0,5
4,0,4
16,0,16
2,0,2
3,0,3
2,0,2
2,0,2
5,0,5
2,0,2
2,0,2
2,0,2
2,0,2
2,0,2
4,0,4
3,0,3
2,0,2
3,0,3
5,0,5
2,0,2
3,0,3
4,0,4
4,0,4
2,0,2
3,0,3
2,0,2
3,0,3
2,0,2
3,0,3
2,0,2
2,0,2
7,0,7
2,0,2
2,0,2
2,0,2
2,0,2
2,0,2
2,0,2
2,0,2
6,0,6
2,0,2
3,0,3
2,0,2
3,0,3
2,0,2
4,0,4
5,0,5
2,0,2
3,0,3
4,0,4
2,0,2
2,0,2
3,0,3
3,0,3
5,0,5
2,0,2
2,0,2
3,0,3
4,0,4
5,0,5
4,0,4
3,0,3
3,0,3
3,0,3
4,0,4
4,0,4
2,0,2
4,0,4
2,0,2
4,0,4
3,0,3
6,0,6
4,0,4
3,0,3
8,0,8
2,0,2
2,0,2
5,0,5
4,0,4
2,0,2
5,0,5
3,0,3
2,0,2
3,0,3
2,0,2
2,0,2
2,0,2
4,0,4
2,0,2
2,0,2
4,0,4
7,0,7
3,0,3
3,0,3
4,0,4
2,0,2
2,0,2
3,0,3
2,0,2
5,0,5
3,0,3
9,0,9
5,0,5
3,0,3
4,0,4
3,0,3
4,0,4
2,0,2
2,0,2
6,0,6
2,0,2
2,0,2
5,0,5
2,0,2
2,0,2
5,0,5
2,0,2
2,0,2
2,0,2
2,0,2
3,0,3
64,0,64
10,0,10
2,0,2
2,0,2
2,0,2
5,0,5
2,0,2
2,0,2
2,0,2
2,0,2
3,0,3
4,0,4
3,0,3
4,0,4
3,0,3
3,0,3
5,0,5
2,0,2
2,0,2
2,0,2
3,0,3
2,0,2
5,0,5
4,0,4
2,0,2
2,0,2
2,0,2
2,0,2
2,0,2
5,0,5
3,0,3
5,0,5
2,0,2
3,0,3
2,0,2
2,0,2
2,0,2
2,0,2
3,0,3
2,0,2
3,0,3
4,0,4
2,0,2
5,0,5
2,0,2
2,0,2
2,0,2
2,0,2
2,0,2
2,0,2
6,0,6
3,0,3
4,0,4
4,0,4
2,0,2
5,0,5
4,0,4
2,0,2
4,0,4
6,0,6
9,35,44
5,0,5
4,0,4
3,0,3
2,0,2
2,0,2
5,0,5
3,0,3
2,0,2
2,0,2
5,0,5
4,0,4
2,0,2
4,0,4
2,0,2
2,0,2
2,0,2
5,0,5
2,0,2
5,0,5
5,0,5
3,0,3
2,0,2
2,0,2
2,0,2
2,0,2
2,0,2
6,0,6
2,0,2
2,0,2
2,0,2
4,0,4
4,0,4
5,0,5
2,0,2
2,0,2
2,0,2
2,0,2
3,0,3
2,0,2
12,0,12
2,0,2
4,0,4
5,0,5
2,0,2
5,0,5
2,0,2
2,0,2
3,0,3
2,0,2
2,0,2
3,0,3
5,0,5
5,0,5
2,0,2
2,0,2
5,0,5
2,0,2
2,0,2
2,0,2
4,0,4
3,0,3
3,0,3
2,0,2
2,0,2
2,0,2
2,0,2
3,0,3
2,0,2
6,0,6
5,0,5
5,0,5
6,0,6
2,0,2
2,0,2
2,0,2
4,0,4
2,0,2
2,0,2
2,0,2
3,0,3
2,0,2
2,0,2
4,0,4
2,0,2
2,0,2
2,0,2
2,0,2
2,0,2
3,0,3
2,0,2
4,0,4
2,0,2
2,0,2
2,0,2
4,0,4
7,0,7
2,0,2
3,0,3
2,0,2
2,0,2
5,0,5
8,0,8
3,0,3
4,0,4
2,0,2
4,0,4
3,0,3
2,0,2
2,0,2
3,0,3
2,0,2
2,0,2
3,0,3
3,0,3
5,0,5
2,0,2
2,0,2
2,0,2
2,0,2
2,0,2
5,0,5
2,0,2
2,0,2
2,0,2
4,0,4
2,0,2
2,0,2
2,0,2
5,0,5
5,0,5
2,0,2
5,0,5
3,0,3
2,0,2
3,0,3
4,0,4
4,0,4
4,0,4
4,0,4
2,0,2
6,0,6
3,0,3
5,0,5
5,0,5
2,0,2
4,0,4
4,0,4
3,0,3
2,0,2
172,484,656
3,0,3
5,0,5
3,0,3
2,0,2
2,0,2
3,0,3
7,0,7
2,0,2
2,0,2
3,0,3
4,0,4
4,0,4
5,0,5
2,0,2
4,0,4
2,0,2
5,0,5
2,0,2
2,0,2
5,0,5
2,0,2
2,0,2
5,0,5
2,0,2
2,0,2
2,0,2
2,0,2
2,0,2
2,0,2
2,0,2
2,0,2
2,0,2
3,0,3
2,0,2
2,0,2
2,0,2
2,0,2
4,0,4
2,0,2
4,0,4
4,0,4
3,0,3
2,0,2
2,467,469
2,0,2
4,0,4
7,86,93
2,0,2
5,0,5
2,0,2
2,0,2
2,0,2
3,0,3
2,0,2
5,0,5
2,0,2
2,0,2
2,0,2
3,0,3
4,0,4
2,0,2
2,0,2
3,0,3
5,0,5
2,0,2
3,0,3
2,0,2
3,0,3
3,0,3
2,0,2
2,0,2
3,0,3
2,0,2
2,0,2
3,0,3
2,0,2
2,0,2
4,0,4
5,0,5
3,0,3
2,0,2
4,0,4
2,0,2
2,0,2
4,0,4
2,0,2
4,0,4
2,0,2
6,273,279
4,0,4
2,0,2
2,0,2
2,0,2
3,0,3
5,0,5
2,0,2
2,0,2
3,0,3
5,0,5
2,0,2
2,0,2
3,0,3
5,0,5
2,0,2
5,0,5
2,0,2
2,0,2
2,0,2
3,0,3
2,0,2
2,0,2
5,0,5
2,0,2
2,0,2
2,0,2
3,0,3
4,0,4
4,0,4
4,0,4
4,0,4
2,0,2
2,0,2
3,0,3
2,0,2
2,0,2
3,0,3
2,0,2
3,0,3
5,0,5
2,0,2
2,0,2
2,0,2
5,0,5
4,0,4
3,0,3
2,0,2
2,0,2
2,0,2
2,0,2
2,0,2
2,0,2
5,0,5
4,0,4
2,0,2
2,0,2
2,0,2
3,0,3
2,0,2
2,0,2
2,0,2
4,0,4
2,0,2
2,0,2
2,0,2
2,0,2
3,0,3
2,0,2
7,0,7
2,0,2
3,44,47
2,0,2
2,0,2
4,0,4
3,0,3
4,0,4
8,0,8
2,0,2
5,0,5
2,0,2
5,0,5
4,0,4
2,0,2
3,0,3
4,0,4
2,0,2
2,0,2
2,0,2
2,0,2
2,0,2
2,0,2
4,0,4
2,0,2
2,0,2
2,0,2
5,0,5
2,0,2
2,0,2
3,0,3
2,0,2
2,0,2
4,0,4
2,0,2
4,0,4
5,0,5
2,0,2
2,0,2
5,0,5
3,0,3
4,0,4
2,0,2
2,0,2
3,0,3
2,0,2
2,0,2
4,0,4
4,0,4
2,0,2
2,0,2
4,0,4
2,0,2
2,0,2
2,0,2
2,0,2
2,0,2
6,0,6
2,0,2
11,0,11
6,0,6
4,0,4
2,0,2
3,0,3
2,0,2
7,0,7
3,0,3
3,0,3
2,0,2
3,0,3
4,0,4
6,0,6
7,0,7
4,0,4
2,0,2
2,0,2
2,0,2
3,0,3
2,0,2
2,0,2
5,0,5
2,0,2
2,0,2
2,0,2
2,0,2
2,0,2
2,0,2
2,0,2
5,0,5
2,0,2
2,0,2
2,0,2
2,0,2
2,0,2
2,0,2
2,0,2
2,0,2
2,0,2
4,0,4
2,0,2
2,0,2
2,0,2
4,0,4
2,0,2
2,0,2
2,0,2
2,0,2
5,0,5
2,0,2
2,0,2
4,0,4
5,0,5
3,0,3
2,0,2
2,0,2
2,0,2
3,0,3
2,0,2
2,0,2
4,0,4
2,0,2
2,0,2
4,0,4
4,0,4
5,0,5
10,0,10
5,0,5
2,0,2
2,0,2
2,0,2
3,0,3
5,0,5
3,0,3
2,0,2
2,0,2
4,0,4
4,0,4
3,0,3
5,0,5
2,0,2
2,0,2
2,0,2
5,0,5
2,0,2
2,0,2
3,0,3
2,0,2
3,0,3
2,0,2
2,0,2
3,0,3
2,0,2
5,0,5
2,0,2
4,0,4
3,0,3
4,0,4
2,0,2
22,0,22
2,0,2
6,0,6
3,0,3
2,0,2
6,0,6
3,0,3
3,0,3
2,0,2
2,0,2
2,0,2
2,0,2
4,0,4
2,0,2
3,0,3
2,0,2
4,0,4
3,0,3
11,0,11
2,0,2
3,0,3
2,0,2
2,0,2
5,0,5
2,0,2
3,0,3
2,0,2
4,0,4
2,0,2
3,0,3
2,0,2
2,0,2
2,0,2
3,0,3
2,0,2
3,0,3
3,0,3
2,0,2
4,0,4
2,0,2
3,0,3
2,0,2
5,0,5
2,0,2
2,0,2
2,0,2
5,0,5
4,0,4
6,0,6
4,0,4
5,0,5
2,0,2
2,0,2
2,0,2
3,0,3
2,0,2
2,0,2
3,0,3
2,0,2
2,0,2
5,0,5
3,0,3
2,0,2
2,0,2
2,0,2
4,0,4
4,0,4
13,0,13
2,0,2
2,0,2
5,0,5
2,0,2
2,0,2
2,0,2
4,0,4
3,0,3
22,0,22
2,0,2
2,0,2
2,0,2
2,0,2
2,0,2
2,0,2
7,0,7
2,0,2
3,0,3
3,0,3
2,0,2
3,0,3
2,0,2
2,0,2
2,0,2
2,0,2
6,0,6
2,0,2
2,0,2
2,0,2
3,0,3
4,0,4
2,0,2
2,0,2
2,0,2
3,0,3
2,0,2
2,0,2
6,0,6
2,0,2
2,0,2
2,0,2
2,0,2
4,0,4
3,0,3
2,0,2
4,0,4
2,0,2
7,0,7
9,0,9
4,0,4
2,0,2
2,0,2
3,0,3
2,0,2
2,0,2
5,0,5
4,0,4
3,0,3
3,0,3
2,0,2
4,0,4
3,0,3
2,0,2
2,0,2
2,0,2
2,0,2
2,0,2
2,0,2
6,0,6
2,0,2
3,0,3
2,0,2
2,0,2
5,0,5
4,0,4
2,0,2
2,0,2
2,0,2
2,0,2
2,0,2
3,0,3
8,0,8
2,0,2
3,0,3
2,0,2
4,0,4
5,0,5
3,0,3
3,0,3
2,0,2
3,0,3
5,0,5
4,0,4
3,0,3
5,0,5
4,0,4
5,0,5
3,0,3
2,0,2
2,0,2
3,0,3
2,0,2
2,0,2
4,0,4
5,0,5
2,0,2
2,0,2
2,0,2
5,0,5
2,0,2
2,0,2
2,0,2
2,0,2
5,0,5
3,0,3
2,0,2
2,0,2
2,0,2
2,0,2
2,0,2
2,0,2
2,0,2
2,0,2
4,0,4
2,0,2
5,0,5
2,0,2
3,0,3
2,0,2
1,12,13
3,0,3
2,0,2
7,0,7
2,0,2
4,0,4
2,0,2
2,0,2
5,0,5
4,0,4
5,0,5
10,0,10
2,0,2
4,0,4
3,0,3
3,0,3
3,0,3
2,0,2
2,0,2
2,0,2
2,0,2
2,0,2
5,0,5
2,0,2
2,0,2
7,0,7
2,0,2
2,0,2
2,0,2
3,0,3
3,0,3
4,0,4
4,0,4
3,0,3
4,0,4
2,0,2
2,0,2
2,0,2
2,0,2
5,0,5
2,0,2
5,0,5
2,0,2
3,0,3
2,0,2
3,0,3
4,0,4
2,0,2
4,0,4
2,0,2
2,0,2
4,0,4
2,0,2
2,0,2
2,0,2
4,0,4
2,0,2
4,0,4
2,0,2
6,0,6
2,0,2
2,0,2
5,0,5
5,0,5
4,0,4
3,0,3
2,0,2
3,0,3
5,0,5
2,0,2
2,0,2
3,0,3
2,0,2
2,0,2
2,0,2
2,0,2
2,0,2
3,0,3
2,0,2
3,0,3
2,0,2
3,0,3
6,0,6
5,0,5
2,0,2
2,0,2
2,0,2
2,0,2
4,0,4
2,0,2
2,0,2
3,195,198
2,0,2
2,0,2
2,0,2
4,0,4
2,0,2
5,0,5
5,0,5
4,0,4
2,0,2
3,0,3
2,0,2
4,0,4
2,0,2
2,0,2
2,0,2
2,0,2
3,0,3
2,0,2
4,0,4
3,0,3
2,0,2
2,0,2
2,0,2
2,0,2
2,0,2
2,0,2
5,0,5
2,0,2
5,0,5
2,0,2
2,0,2
3,0,3
5,0,5
2,0,2
2,0,2
2,0,2
4,0,4
4,0,4
3,0,3
2,0,2
2,0,2
2,0,2
5,0,5
3,0,3
5,0,5
6,0,6
5,0,5
2,0,2
2,0,2
7,0,7
5,0,5
5,0,5
2,0,2
3,0,3
3,0,3
3,0,3
3,0,3
2,0,2
3,0,3
2,0,2
2,0,2
2,0,2
3,0,3
2,0,2
3,0,3
2,0,2
2,0,2
2,0,2
2,0,2
5,0,5
2,0,2
2,0,2
4,0,4
2,0,2
2,0,2
4,0,4
2,0,2
2,0,2
5,0,5
2,0,2
5,0,5
2,0,2
2,0,2
36,0,36
2,0,2
2,0,2
2,0,2
3,0,3
2,0,2
2,0,2
2,0,2
3,0,3
2,0,2
2,0,2
2,0,2
3,0,3
4,0,4
2,0,2
4,0,4
2,0,2
4,0,4
2,0,2
2,0,2
4,0,4
2,0,2
2,0,2
2,0,2
3,0,3
2,0,2
4,0,4
2,0,2
5,0,5
3,0,3
2,0,2
2,0,2
2,0,2
2,0,2
5,0,5
5,0,5
2,0,2
6,0,6
2,0,2
4,0,4
2,0,2
2,0,2
2,0,2
2,0,2
2,0,2
2,0,2
2,0,2
3,0,3
2,0,2
2,0,2
43,0,43
2,0,2
2,0,2
4,0,4
2,0,2
5,0,5
2,0,2
3,0,3
3,0,3
3,0,3
2,0,2
2,0,2
2,0,2
3,0,3
3,0,3
2,0,2
2,0,2
5,0,5
2,0,2
3,0,3
4,0,4
2,0,2
2,0,2
3,0,3
5,0,5
2,0,2
2,0,2
5,0,5
6,0,6
4,0,4
2,0,2
5,0,5
2,0,2
2,0,2
2,0,2
2,0,2
5,0,5
2,0,2
6,0,6
2,0,2
4,0,4
8,0,8
3,0,3
3,0,3
2,0,2
2,0,2
2,0,2
3,0,3
2,0,2
2,0,2
2,0,2
3,0,3
2,0,2
2,0,2
2,0,2
3,0,3
3,0,3
2,0,2
2,0,2
2,0,2
2,0,2
2,0,2
2,0,2
3,0,3
2,0,2
2,0,2
2,0,2
2,0,2
2,0,2
3,0,3
3,0,3
2,0,2
4,0,4
3,0,3
3,0,3
4,0,4
2,0,2
4,7,11
2,0,2
2,0,2
4,0,4
3,0,3
5,0,5
2,0,2
10,0,10
4,0,4
2,0,2
4,0,4
2,0,2
2,0,2
2,0,2
4,0,4
2,0,2
3,0,3
2,0,2
5,0,5
3,0,3
2,0,2
2,0,2
2,0,2
2,0,2
4,0,4
2,0,2
3,0,3
2,0,2
6,0,6
6,0,6
2,0,2
5,0,5
5,0,5
2,0,2
2,0,2
2,0,2
2,0,2
2,0,2
2,0,2
2,0,2
2,0,2
6,0,6
5,0,5
5,0,5
10,0,10
2,0,2
2,0,2
2,0,2
2,0,2
2,0,2
2,0,2
2,0,2
5,0,5
2,0,2
4,0,4
2,0,2
2,0,2
4,0,4
2,0,2
2,0,2
2,0,2
2,0,2
2,0,2
4,0,4
2,0,2
2,0,2
2,0,2
47,0,47
2,0,2
2,0,2
2,0,2
5,0,5
2,0,2
3,0,3
6,0,6
4,0,4
3,0,3
5,0,5
2,0,2
2,0,2
2,0,2
5,0,5
4,0,4
4,0,4
2,0,2
3,0,3
3,0,3
2,0,2
3,0,3
5,0,5
2,0,2
2,0,2
4,0,4
3,0,3
2,0,2
2,0,2
3,0,3
2,0,2
4,0,4
2,0,2
2,0,2
5,0,5
4,0,4
2,0,2
5,0,5
3,0,3
5,0,5
2,0,2
2,0,2
2,0,2
2,0,2
5,0,5
2,0,2
3,0,3
3,0,3
3,0,3
2,0,2
2,0,2
4,0,4
3,0,3
3,0,3
5,0,5
2,0,2
5,0,5
2,0,2
2,0,2
2,0,2
2,0,2
3,0,3
2,0,2
5,0,5
2,0,2
2,0,2
2,0,2
2,0,2
2,0,2
2,0,2
2,0,2
2,0,2
6,0,6
2,0,2
3,0,3
3,0,3
7,0,7
4,0,4
2,0,2
2,0,2
2,0,2
5,0,5
7,0,7
2,0,2
2,0,2
2,0,2
2,0,2
5,0,5
2,0,2
2,0,2
2,0,2
2,0,2
2,0,2
2,0,2
2,0,2
2,0,2
3,0,3
4,0,4
2,0,2
5,0,5
2,0,2
3,0,3
5,0,5
2,0,2
2,0,2
4,0,4
5,0,5
2,0,2
2,0,2
2,0,2
2,0,2
2,0,2
2,0,2
4,0,4
6,0,6
2,0,2
2,0,2
2,0,2
2,0,2
2,0,2
3,0,3
2,0,2
7,0,7
2,0,2
2,0,2
4,0,4
3,0,3
2,0,2
2,0,2
4,0,4
2,0,2
2,0,2
2,0,2
2,0,2
4,0,4
3,0,3
4,0,4
2,0,2
2,0,2
2,0,2
3,0,3
5,0,5
2,0,2
4,0,4
5,0,5
2,0,2
2,0,2
2,344,346
4,0,4
2,0,2
2,0,2
2,0,2
3,0,3
2,0,2
2,0,2
4,0,4
9,0,9
2,0,2
2,0,2
6,0,6
5,0,5
4,0,4
5,0,5
3,0,3
2,0,2
2,0,2
4,0,4
2,0,2
2,0,2
2,0,2
2,0,2
5,0,5
2,0,2
2,0,2
7,0,7
4,0,4
6,0,6
2,0,2
2,0,2
5,0,5
2,0,2
5,0,5
3,0,3
2,0,2
3,0,3
2,0,2
2,0,2
4,0,4
3,0,3
3,0,3
2,0,2
4,0,4
2,0,2
2,0,2
2,0,2
3,0,3
2,0,2
2,0,2
5,0,5
2,0,2
5,0,5
5,0,5
3,0,3
5,0,5
12,0,12
2,0,2
2,0,2
2,0,2
3,0,3
4,0,4
4,0,4
4,0,4
3,0,3
3,0,3
3,0,3
2,0,2
2,0,2
2,0,2
2,0,2
2,0,2
2,0,2
3,0,3
2,0,2
4,0,4
2,0,2
2,0,2
2,0,2
2,0,2
4,0,4
2,0,2
2,0,2
2,0,2
2,0,2
2,0,2
2,0,2
2,0,2
5,0,5
2,0,2
4,0,4
5,0,5
2,0,2
22,0,22
5,0,5
5,0,5
9,0,9
4,0,4
2,0,2
3,0,3
2,0,2
2,0,2
2,0,2
4,0,4
4,0,4
2,0,2
2,0,2
5,0,5
2,0,2
2,0,2
5,0,5
2,0,2
5,0,5
4,0,4
2,0,2
3,0,3
24,0,24
2,0,2
4,0,4
2,0,2
2,0,2
2,0,2
2,0,2
3,0,3
2,0,2
2,0,2
2,0,2
4,0,4
3,0,3
2,0,2
2,0,2
6,0,6
2,0,2
2,0,2
2,0,2
2,0,2
5,0,5
4,0,4
3,0,3
3,0,3
3,0,3
3,0,3
5,0,5
2,0,2
2,0,2
3,0,3
2,0,2
2,0,2
2,0,2
2,0,2
3,0,3
4,0,4
2,0,2
5,0,5
2,0,2
2,0,2
2,0,2
5,0,5
3,0,3
2,0,2
2,0,2
2,0,2
2,0,2
2,0,2
2,0,2
2,0,2
2,0,2
2,0,2
5,0,5
2,0,2
2,0,2
3,0,3
4,0,4
5,0,5
5,0,5
3,0,3
2,0,2
2,0,2
3,0,3
2,0,2
2,0,2
6,0,6
3,0,3
2,0,2
4,0,4
2,0,2
2,0,2
2,0,2
3,0,3
2,0,2
2,0,2
5,0,5
4,0,4
2,0,2
2,0,2
3,0,3
2,0,2
2,0,2
4,0,4
2,0,2
2,0,2
3,0,3
2,0,2
2,0,2
3,0,3
2,0,2
3,0,3
2,0,2
3,0,3
2,0,2
5,0,5
3,0,3
4,0,4
2,0,2
2,0,2
3,0,3
2,0,2
2,0,2
2,0,2
3,0,3
2,0,2
2,0,2
2,0,2
2,0,2
2,0,2
2,0,2
2,0,2
5,0,5
4,0,4
5,0,5
5,0,5
5,0,5
2,0,2
2,0,2
3,0,3
2,0,2
2,0,2
2,0,2
4,0,4
12,0,12
2,0,2
2,0,2
4,0,4
3,0,3
2,0,2
3,0,3
2,0,2
2,0,2
3,0,3
3,0,3
10,0,10
2,0,2
3,0,3
4,0,4
3,0,3
3,0,3
2,0,2
4,0,4
2,0,2
5,0,5
2,0,2
2,0,2
2,0,2
2,0,2
2,0,2
3,0,3
5,0,5
2,0,2
2,0,2
4,0,4
4,0,4
2,0,2
4,0,4
4,0,4
5,0,5
2,0,2
4,0,4
2,0,2
2,0,2
2,0,2
2,0,2
3,0,3
2,0,2
6,0,6
4,0,4
2,0,2
5,0,5
2,0,2
5,0,5
2,0,2
3,0,3
4,0,4
4,0,4
6,0,6
11,0,11
2,0,2
2,0,2
2,0,2
4,0,4
2,0,2
2,0,2
5,0,5
5,0,5
4,0,4
2,0,2
4,0,4
2,0,2
2,0,2
5,0,5
3,0,3
2,0,2
2,0,2
2,0,2
2,0,2
2,0,2
2,0,2
3,0,3
2,0,2
2,0,2
2,0,2
2,0,2
5,0,5
2,0,2
5,0,5
4,0,4
2,0,2
2,0,2
4,0,4
2,0,2
2,0,2
2,0,2
4,0,4
2,0,2
5,0,5
2,0,2
4,0,4
1,3,4
5,0,5
2,0,2
4,0,4
2,0,2
2,0,2
2,0,2
2,0,2
3,0,3
3,0,3
5,0,5
2,0,2
2,0,2
5,0,5
2,0,2
2,0,2
2,0,2
2,0,2
2,0,2
2,0,2
4,0,4
3,0,3
3,0,3
5,0,5
3,0,3
9,0,9
6,0,6
2,0,2
2,0,2
2,0,2
3,0,3
2,0,2
2,0,2
2,0,2
2,0,2
2,0,2
3,0,3
2,0,2
33,0,33
2,0,2
4,0,4
2,0,2
4,0,4
2,0,2
4,0,4
3,0,3
2,0,2
2,0,2
5,0,5
3,0,3
3,0,3
2,0,2
2,0,2
2,0,2
2,0,2
2,0,2
2,0,2
5,0,5
2,0,2
2,0,2
4,0,4
5,0,5
5,0,5
5,0,5
3,0,3
4,0,4
2,0,2
2,0,2
3,0,3
2,0,2
5,0,5
5,0,5
2,0,2
2,0,2
4,0,4
5,0,5
5,0,5
2,0,2
2,0,2
5,0,5
2,0,2
2,0,2
5,0,5
3,0,3
2,0,2
4,0,4
3,0,3
2,0,2
3,0,3
3,0,3
4,0,4
2,0,2
2,0,2
2,0,2
2,0,2
2,0,2
2,0,2
2,0,2
2,0,2
2,0,2
4,0,4
5,0,5
4,0,4
3,0,3
4,0,4
2,0,2
2,0,2
4,0,4
3,0,3
6,0,6
2,0,2
2,0,2
6,0,6
4,0,4
2,0,2
2,0,2
4,0,4
2,0,2
2,0,2
12,0,12
2,0,2
6,0,6
2,0,2
2,0,2
2,0,2
4,0,4
2,0,2
5,0,5
2,0,2
3,0,3
2,0,2
2,0,2
5,0,5
3,0,3
3,0,3
2,0,2
2,0,2
4,0,4
2,0,2
2,0,2
2,0,2
2,0,2
8,0,8
2,0,2
3,0,3
4,0,4
5,0,5
3,0,3
4,0,4
5,0,5
2,0,2
2,0,2
5,0,5
2,0,2
3,0,3
4,0,4
7,0,7
3,0,3
3,0,3
3,0,3
2,0,2
2,0,2
5,0,5
3,0,3
2,0,2
4,0,4
3,0,3
2,0,2
2,0,2
2,0,2
2,0,2
3,0,3
3,0,3
2,0,2
2,0,2
2,0,2
3,0,3
2,0,2
2,0,2
2,0,2
2,0,2
2,0,2
2,0,2
5,0,5
2,0,2
4,0,4
3,0,3
2,0,2
5,0,5
2,0,2
2,0,2
5,0,5
4,0,4
5,0,5
2,0,2
25,0,25
2,0,2
2,0,2
5,0,5
2,0,2
2,0,2
2,0,2
2,0,2
2,0,2
4,50,54
2,0,2
5,0,5
2,0,2
2,0,2
2,0,2
2,0,2
5,0,5
1,387,388
4,0,4
2,0,2
5,0,5
2,0,2
2,0,2
3,0,3
3,0,3
2,0,2
2,0,2
5,0,5
3,0,3
2,0,2
2,0,2
3,0,3
2,0,2
3,0,3
6,0,6
6,0,6
2,0,2
4,0,4
2,0,2
3,0,3
3,0,3
3,0,3
2,0,2
3,0,3
5,0,5
5,0,5
2,0,2
3,0,3
4,0,4
4,0,4
6,0,6
2,0,2
5,0,5
3,0,3
5,0,5
5,0,5
2,0,2
3,0,3
2,0,2
5,0,5
5,0,5
4,0,4
2,0,2
2,0,2
2,0,2
2,0,2
5,0,5
3,0,3
4,0,4
3,0,3
2,0,2
2,0,2
2,0,2
3,0,3
2,0,2
2,0,2
5,0,5
2,0,2
4,0,4
2,0,2
3,0,3
5,0,5
2,0,2
2,0,2
3,0,3
2,0,2
2,0,2
2,0,2
7,0,7
11,0,11
2,0,2
6,0,6
2,0,2
2,0,2
2,0,2
2,0,2
2,0,2
2,0,2
5,0,5
1,6,7
3,0,3
2,0,2
2,0,2
3,0,3
2,0,2
4,0,4
5,0,5
2,0,2
2,0,2
2,0,2
2,0,2
2,0,2
2,0,2
2,0,2
2,0,2
2,0,2
5,0,5
2,0,2
2,0,2
4,0,4
2,0,2
2,0,2
5,0,5
5,0,5
4,0,4
4,0,4
2,0,2
2,0,2
2,0,2
2,0,2
3,0,3
2,0,2
2,0,2
2,0,2
4,0,4
3,0,3
4,0,4
9,0,9
3,0,3
3,0,3
5,0,5
6,0,6
2,0,2
2,0,2
5,0,5
3,0,3
5,0,5
2,0,2
5,0,5
3,0,3
2,0,2
2,0,2
2,0,2
2,0,2
2,0,2
3,0,3
2,0,2
3,0,3
2,0,2
4,0,4
3,0,3
4,0,4
3,0,3
2,0,2
2,0,2
2,0,2
2,0,2
4,0,4
2,0,2
2,0,2
2,0,2
2,0,2
2,0,2
4,0,4
2,0,2
3,0,3
3,0,3
11,0,11
2,0,2
5,0,5
11,0,11
2,0,2
4,128,132
2,0,2
3,0,3
3,0,3
2,0,2
3,0,3
2,0,2
2,0,2
2,0,2
2,0,2
2,0,2
3,0,3
5,0,5
2,0,2
4,0,4
2,0,2
4,0,4
5,0,5
2,0,2
3,0,3
3,0,3
2,0,2
2,0,2
4,0,4
2,0,2
5,0,5
6,0,6
2,0,2
2,0,2
13,0,13
5,0,5
2,0,2
5,0,5
2,0,2
2,0,2
2,0,2
2,0,2
2,0,2
12,0,12
4,0,4
2,0,2
3,0,3
3,0,3
3,0,3
2,0,2
2,0,2
3,0,3
4,0,4
2,0,2
2,0,2
2,0,2
2,0,2
2,0,2
2,0,2
5,0,5
2,0,2
2,0,2
2,0,2
2,0,2
3,0,3
2,0,2
2,0,2
7,0,7
3,0,3
2,0,2
2,0,2
5,0,5
2,0,2
4,0,4
7,0,7
2,0,2
3,0,3
2,0,2
4,0,4
6,0,6
26,0,26
2,0,2
5,0,5
2,0,2
5,0,5
3,0,3
4,0,4
2,0,2
3,0,3
2,0,2
2,0,2
4,0,4
2,0,2
2,0,2
2,0,2
5,0,5
2,0,2
2,0,2
3,0,3
2,0,2
4,0,4
5,0,5
9,0,9
2,0,2
2,0,2
2,0,2
3,0,3
11,0,11
4,0,4
3,0,3
2,0,2
2,0,2
4,0,4
7,0,7
2,0,2
3,0,3
2,0,2
4,0,4
3,0,3
2,0,2
6,0,6
2,0,2
2,0,2
2,0,2
4,0,4
4,0,4
2,0,2
2,0,2
4,0,4
4,0,4
2,0,2
2,0,2
4,0,4
2,0,2
5,0,5
4,0,4
2,0,2
2,0,2
2,0,2
4,0,4
2,0,2
2,0,2
2,0,2
2,0,2
2,0,2
2,0,2
2,0,2
2,0,2
2,0,2
2,0,2
2,0,2
2,0,2
1,230,231
2,0,2
3,0,3
3,0,3
2,0,2
3,0,3
2,0,2
2,0,2
2,0,2
2,0,2
2,0,2
2,0,2
2,0,2
2,0,2
6,0,6
3,0,3
6,0,6
3,0,3
2,0,2
3,0,3
2,0,2
2,0,2
2,0,2
2,0,2
2,0,2
2,0,2
2,0,2
3,0,3
3,0,3
2,0,2
6,0,6
2,0,2
2,0,2
2,0,2
2,0,2
3,0,3
2,0,2
2,0,2
2,0,2
2,0,2
2,0,2
2,0,2
2,0,2
4,0,4
3,0,3
4,0,4
2,0,2
2,0,2
3,0,3
2,0,2
2,0,2
2,0,2
5,0,5
4,0,4
2,0,2
3,0,3
2,0,2
2,0,2
3,0,3
3,0,3
2,0,2
3,0,3
6,0,6
2,0,2
2,0,2
3,0,3
2,0,2
2,0,2
2,0,2
3,0,3
2,0,2
7,0,7
3,0,3
2,0,2
2,0,2
2,0,2
2,0,2
2,0,2
2,0,2
2,0,2
2,0,2
2,0,2
2,0,2
2,0,2
7,0,7
2,0,2
2,0,2
2,0,2
5,0,5
2,0,2
2,0,2
2,0,2
2,0,2
2,0,2
6,0,6
2,0,2
2,0,2
2,0,2
3,0,3
1,6,7
2,0,2
3,0,3
3,0,3
2,0,2
2,0,2
3,6,9
2,0,2
2,0,2
6,0,6
2,0,2
2,0,2
2,0,2
2,0,2
3,0,3
6,0,6
2,0,2
3,0,3
2,0,2
3,0,3
2,0,2
2,0,2
2,0,2
2,0,2
2,0,2
2,0,2
2,0,2
2,0,2
3,0,3
3,0,3
2,0,2
2,0,2
2,0,2
2,0,2
2,0,2
2,0,2
2,0,2
2,0,2
2,0,2
1,9,10
3,0,3
2,0,2
2,0,2
2,0,2
2,0,2
2,0,2
2,0,2
3,0,3
3,0,3
3,0,3
6,0,6
6,0,6
2,0,2
2,0,2
2,0,2
6,0,6
2,0,2
3,0,3
2,0,2
3,0,3
2,0,2
3,0,3
3,0,3
2,0,2
2,8,10
3,0,3
7,129,136
3,0,3
2,0,2
3,0,3
2,0,2
2,0,2
2,0,2
2,0,2
2,0,2
4,0,4
7,0,7
2,0,2
2,0,2
2,0,2
2,0,2
2,0,2
2,0,2
2,0,2
2,0,2
2,0,2
2,0,2
2,0,2
2,0,2
2,0,2
2,0,2
2,0,2
2,0,2
2,0,2
2,0,2
2,0,2
3,0,3
2,0,2
3,0,3
3,0,3
2,0,2
2,0,2
3,0,3
2,0,2
3,0,3
2,0,2
3,0,3
2,0,2
2,0,2
2,0,2
3,0,3
2,0,2
2,0,2
2,0,2
2,0,2
6,0,6
2,0,2
2,0,2
2,0,2
3,0,3
3,0,3
2,0,2
2,0,2
2,0,2
2,0,2
3,0,3
3,0,3
3,0,3
2,0,2
2,0,2
2,0,2
2,0,2
3,0,3
2,0,2
2,0,2
2,0,2
2,0,2
2,0,2
3,0,3
3,0,3
2,0,2
6,0,6
3,0,3
2,0,2
3,0,3
2,0,2
3,0,3
2,0,2
4,0,4
2,0,2
6,0,6
2,0,2
2,0,2
3,0,3
2,0,2
2,0,2
2,0,2
2,0,2
2,0,2
2,0,2
2,0,2
2,0,2
2,0,2
2,0,2
2,0,2
2,0,2
2,0,2
2,0,2
2,0,2
2,0,2
2,0,2
2,0,2
2,0,2
2,0,2
3,71,74
2,0,2
2,0,2
2,0,2
2,0,2
2,0,2
2,0,2
2,0,2
3,0,3
3,0,3
2,0,2
2,0,2
2,0,2
2,0,2
2,0,2
3,0,3
2,0,2
3,0,3
2,0,2
2,0,2
2,0,2
2,0,2
3,0,3
2,0,2
2,0,2
2,0,2
2,0,2
2,0,2
2,0,2
2,0,2
2,0,2
2,0,2
3,0,3
2,0,2
3,0,3
2,8,10
3,0,3
2,0,2
3,0,3
5,0,5
3,0,3
3,0,3
3,0,3
6,0,6
2,0,2
6,0,6
2,0,2
2,0,2
2,0,2
2,0,2
2,0,2
2,0,2
3,0,3
2,0,2
2,0,2
2,0,2
2,0,2
3,0,3
2,0,2
2,0,2
2,0,2
2,0,2
3,0,3
2,0,2
2,0,2
2,0,2
2,0,2
2,0,2
2,0,2
3,0,3
4,0,4
2,0,2
3,0,3
2,0,2
2,0,2
6,0,6
3,0,3
2,0,2
2,0,2
3,0,3
2,0,2
2,0,2
4,0,4
2,0,2
2,0,2
6,0,6
2,0,2
2,0,2
1,5,6
6,0,6
2,0,2
2,0,2
4,0,4
3,0,3
2,0,2
2,0,2
2,0,2
2,0,2
2,0,2
2,0,2
2,0,2
1,17,18
3,0,3
2,0,2
2,0,2
3,0,3
2,0,2
2,0,2
2,0,2
2,0,2
2,0,2
2,0,2
3,0,3
3,0,3
2,0,2
2,0,2
2,0,2
3,0,3
2,0,2
2,0,2
2,0,2
2,0,2
2,0,2
2,0,2
2,0,2
2,0,2
3,0,3
2,0,2
2,0,2
2,0,2
2,0,2
2,0,2
2,0,2
3,0,3
2,0,2
2,0,2
3,0,3
2,0,2
2,0,2
2,0,2
1,75,76
2,0,2
2,0,2
2,0,2
7,0,7
2,0,2
3,0,3
2,0,2
2,0,2
2,0,2
2,0,2
2,0,2
2,0,2
2,0,2
2,0,2
4,0,4
2,0,2
2,0,2
3,0,3
2,0,2
3,0,3
2,0,2
6,0,6
2,0,2
2,0,2
2,0,2
3,0,3
2,0,2
2,0,2
2,0,2
2,0,2
2,0,2
4,0,4
2,0,2
2,0,2
3,0,3
2,0,2
2,0,2
1,18,19
2,0,2
5,0,5
3,0,3
2,0,2
2,0,2
2,0,2
2,0,2
2,0,2
2,0,2
2,0,2
2,0,2
2,0,2
2,0,2
2,0,2
3,0,3
2,0,2
2,0,2
2,0,2
3,0,3
2,0,2
2,0,2
2,0,2
2,0,2
2,0,2
6,0,6
2,0,2
2,0,2
4,0,4
2,0,2
2,0,2
2,0,2
2,0,2
3,0,3
2,0,2
3,0,3
2,0,2
2,0,2
3,0,3
2,0,2
2,0,2
2,0,2
3,0,3
6,0,6
3,0,3
2,0,2
2,0,2
1,116,117
7,0,7
2,0,2
2,0,2
2,0,2
2,0,2
2,0,2
2,0,2
6,0,6
7,0,7
2,0,2
2,0,2
3,0,3
2,0,2
2,0,2
2,0,2
2,0,2
2,0,2
2,0,2
2,0,2
3,0,3
3,0,3
3,0,3
2,0,2
2,0,2
2,0,2
2,0,2
3,0,3
2,0,2
2,0,2
2,0,2
2,0,2
3,0,3
2,0,2
2,0,2
3,0,3
3,0,3
2,0,2
2,0,2
2,0,2
2,0,2
2,0,2
2,0,2
2,0,2
3,0,3
2,0,2
3,0,3
3,0,3
2,0,2
2,0,2
2,0,2
2,0,2
4,0,4
2,0,2
3,0,3
2,0,2
